Date,Close,btc_difficulty,Volume
2017-11-07T00:00:00Z,7144.38,1452839779140,232634e4
2017-11-06T00:00:00Z,7022.76,1452839779140,31119e5
2017-11-05T00:00:00Z,7407.41,1452839779140,238041e4
2017-11-04T00:00:00Z,7379.95,1452839779140,24838e5
2017-11-03T00:00:00Z,7207.76,1452839779140,336986e4
2017-11-02T00:00:00Z,7078.5,1452839779140,465377e4
2017-11-01T00:00:00Z,6767.31,1452839779140,287032e4
2017-10-31T00:00:00Z,6468.4,1452839779140,231138e4
2017-10-30T00:00:00Z,6130.53,1452839779140,177215e4
2017-10-29T00:00:00Z,6153.85,1452839779140,285904e4
2017-10-28T00:00:00Z,5753.09,1452839779140,140392e4
2017-10-27T00:00:00Z,5780.9,1452839779140,171013e4
2017-10-26T00:00:00Z,5904.83,1233777273050,190504e4
2017-10-25T00:00:00Z,5750.8,1196792694100,196699e4
2017-10-24T00:00:00Z,5526.64,1196792694100,27357e5
2017-10-23T00:00:00Z,5930.32,1196792694100,240184e4
2017-10-22T00:00:00Z,6008.42,1196792694100,203463e4
2017-10-21T00:00:00Z,6031.6,1196792694100,22071e5
2017-10-20T00:00:00Z,6011.45,1196792694100,235443e4
2017-10-19T00:00:00Z,5708.52,1196792694100,178054e4
2017-10-18T00:00:00Z,5590.69,1196792694100,239927e4
2017-10-17T00:00:00Z,5605.51,1196792694100,182157e4
2017-10-16T00:00:00Z,5725.59,1196792694100,200807e4
2017-10-15T00:00:00Z,5678.19,1182954806240,197604e4
2017-10-14T00:00:00Z,5831.79,1123863285130,166903e4
2017-10-13T00:00:00Z,5647.21,1123863285130,361548e4
2017-10-12T00:00:00Z,5446.91,1123863285130,279161e4
2017-10-11T00:00:00Z,4826.48,1123863285130,122228e4
2017-10-10T00:00:00Z,4781.99,1123863285130,159714e4
2017-10-09T00:00:00Z,4772.02,1123863285130,196874e4
2017-10-08T00:00:00Z,4610.48,1123863285130,131387e4
2017-10-07T00:00:00Z,4426.89,1123863285130,906928e3
2017-10-06T00:00:00Z,4370.81,1123863285130,106994e4
2017-10-05T00:00:00Z,4328.41,1123863285130,116177e4
2017-10-04T00:00:00Z,4229.36,1123863285130,111677e4
2017-10-03T00:00:00Z,4317.48,1123863285130,128802e4
2017-10-02T00:00:00Z,4409.32,1123590453770,143173e4
2017-10-01T00:00:00Z,4403.74,1103400932960,120821e4
2017-09-30T00:00:00Z,4338.71,1103400932960,120745e4
2017-09-29T00:00:00Z,4163.07,1103400932960,136705e4
2017-09-28T00:00:00Z,4174.73,1103400932960,171232e4
2017-09-27T00:00:00Z,4200.67,1103400932960,168688e4
2017-09-26T00:00:00Z,3892.35,1103400932960,104374e4
2017-09-25T00:00:00Z,3926.07,1103400932960,137421e4
2017-09-24T00:00:00Z,3682.84,1103400932960,768015e3
2017-09-23T00:00:00Z,3792.4,1103400932960,928114e3
2017-09-22T00:00:00Z,3630.7,1103400932960,119483e4
2017-09-21T00:00:00Z,3631.04,1103400932960,141148e4
2017-09-20T00:00:00Z,3905.95,1103400932960,121383e4
2017-09-19T00:00:00Z,3924.97,1103400932960,156398e4
2017-09-18T00:00:00Z,4065.2,1052185622750,194321e4
2017-09-17T00:00:00Z,3582.88,922724699725,123915e4
2017-09-16T00:00:00Z,3625.04,922724699725,18184e5
2017-09-15T00:00:00Z,3637.52,922724699725,414807e4
2017-09-14T00:00:00Z,3154.95,922724699725,271631e4
2017-09-13T00:00:00Z,3882.59,922724699725,221941e4
2017-09-12T00:00:00Z,4130.81,922724699725,186453e4
2017-09-11T00:00:00Z,4161.27,922724699725,155733e4
2017-09-10T00:00:00Z,4122.94,922724699725,167909e4
2017-09-09T00:00:00Z,4226.06,922724699725,138623e4
2017-09-08T00:00:00Z,4228.75,922724699725,270089e4
2017-09-07T00:00:00Z,4599.88,922724699725,184462e4
2017-09-06T00:00:00Z,4597.12,903315386419,21721e5
2017-09-05T00:00:00Z,4376.53,888171856257,269797e4
2017-09-04T00:00:00Z,4236.31,888171856257,298733e4
2017-09-03T00:00:00Z,4582.96,888171856257,193319e4
2017-09-02T00:00:00Z,4578.77,888171856257,272214e4
2017-09-01T00:00:00Z,4892.01,888171856257,259908e4
2017-08-31T00:00:00Z,4703.39,888171856257,194493e4
2017-08-30T00:00:00Z,4565.3,888171856257,193785e4
2017-08-29T00:00:00Z,4579.02,888171856257,248608e4
2017-08-28T00:00:00Z,4382.66,888171856257,195933e4
2017-08-27T00:00:00Z,4382.88,888171856257,153746e4
2017-08-26T00:00:00Z,4352.4,888171856257,151161e4
2017-08-25T00:00:00Z,4371.6,888171856257,172797e4
2017-08-24T00:00:00Z,4334.68,891643263405,203775e4
2017-08-23T00:00:00Z,4151.52,923233068448,236982e4
2017-08-22T00:00:00Z,4100.52,923233068448,376424e4
2017-08-21T00:00:00Z,4001.74,923233068448,280089e4
2017-08-20T00:00:00Z,4087.66,923233068448,210977e4
2017-08-19T00:00:00Z,4193.7,923233068448,297582e4
2017-08-18T00:00:00Z,4160.62,923233068448,294171e4
2017-08-17T00:00:00Z,4331.69,923233068448,255336e4
2017-08-16T00:00:00Z,4376.63,923233068448,227204e4
2017-08-15T00:00:00Z,4181.93,923233068448,325805e4
2017-08-14T00:00:00Z,4325.13,923233068448,246309e4
2017-08-13T00:00:00Z,4073.26,923233068448,315909e4
2017-08-12T00:00:00Z,3884.71,923233068448,221959e4
2017-08-11T00:00:00Z,3650.62,923233068448,202119e4
2017-08-10T00:00:00Z,3381.28,923233068448,151511e4
2017-08-09T00:00:00Z,3342.47,888074709978,146896e4
2017-08-08T00:00:00Z,3419.94,860221984436,175276e4
2017-08-07T00:00:00Z,3378.94,860221984436,148228e4
2017-08-06T00:00:00Z,3213.94,860221984436,110503e4
2017-08-05T00:00:00Z,3252.91,860221984436,19457e5
2017-08-04T00:00:00Z,2895.89,860221984436,100212e4
2017-08-03T00:00:00Z,2804.73,860221984436,804797e3
2017-08-02T00:00:00Z,2710.67,860221984436,109495e4
2017-08-01T00:00:00Z,2718.26,860221984436,132467e4
2017-07-31T00:00:00Z,2875.34,860221984436,860575e3
2017-07-30T00:00:00Z,2757.18,860221984436,705943e3
2017-07-29T00:00:00Z,2726.45,860221984436,803746e3
2017-07-28T00:00:00Z,2809.01,860221984436,13801e5
2017-07-27T00:00:00Z,2671.78,836351931635,789104e3
2017-07-26T00:00:00Z,2529.45,804525194568,937404e3
2017-07-25T00:00:00Z,2576.48,804525194568,146009e4
2017-07-24T00:00:00Z,2754.86,804525194568,866474e3
2017-07-23T00:00:00Z,2730.4,804525194568,107284e4
2017-07-22T00:00:00Z,2810.12,804525194568,117713e4
2017-07-21T00:00:00Z,2667.76,804525194568,148945e4
2017-07-20T00:00:00Z,2817.6,804525194568,224926e4
2017-07-19T00:00:00Z,2273.43,804525194568,12451e5
2017-07-18T00:00:00Z,2318.88,804525194568,151245e4
2017-07-17T00:00:00Z,2228.41,804525194568,120176e4
2017-07-16T00:00:00Z,1929.82,804525194568,118287e4
2017-07-15T00:00:00Z,1998.86,804525194568,993608e3
2017-07-14T00:00:00Z,2233.34,761764941640,882503e3
2017-07-13T00:00:00Z,2357.9,708659466230,83577e4
2017-07-12T00:00:00Z,2398.84,708659466230,111741e4
2017-07-11T00:00:00Z,2337.79,708659466230,132976e4
2017-07-10T00:00:00Z,2372.56,708659466230,11112e5
2017-07-09T00:00:00Z,2518.44,708659466230,527856e3
2017-07-08T00:00:00Z,2571.34,708659466230,73333e4
2017-07-07T00:00:00Z,2518.66,708659466230,917412e3
2017-07-06T00:00:00Z,2608.56,708659466230,761957e3
2017-07-05T00:00:00Z,2601.99,708659466230,941566e3
2017-07-04T00:00:00Z,2601.64,708659466230,985516e3
2017-07-03T00:00:00Z,2564.06,708659466230,964112e3
2017-07-02T00:00:00Z,2506.47,708707940676,803747e3
2017-07-01T00:00:00Z,2434.55,711697198173,779914e3
2017-06-30T00:00:00Z,2480.84,711697198173,860273e3
2017-06-29T00:00:00Z,2539.32,711697198173,949979e3
2017-06-28T00:00:00Z,2574.79,711697198173,118387e4
2017-06-27T00:00:00Z,2552.45,711697198173,148979e4
2017-06-26T00:00:00Z,2478.45,711697198173,166328e4
2017-06-25T00:00:00Z,2589.41,711697198173,11611e5
2017-06-24T00:00:00Z,2608.72,711697198173,98275e4
2017-06-23T00:00:00Z,2744.91,711697198173,961319e3
2017-06-22T00:00:00Z,2705.41,711697198173,109794e4
2017-06-21T00:00:00Z,2689.1,711697198173,162658e4
2017-06-20T00:00:00Z,2721.79,711697198173,185419e4
2017-06-19T00:00:00Z,2589.6,711697198173,144684e4
2017-06-18T00:00:00Z,2548.29,711697198173,117866e4
2017-06-17T00:00:00Z,2655.88,679668719409,153451e4
2017-06-16T00:00:00Z,2518.56,678760110082,119519e4
2017-06-15T00:00:00Z,2464.58,678760110082,202626e4
2017-06-14T00:00:00Z,2506.37,678760110082,169656e4
2017-06-13T00:00:00Z,2717.02,678760110082,17812e5
2017-06-12T00:00:00Z,2659.63,678760110082,256953e4
2017-06-11T00:00:00Z,2958.11,678760110082,17524e5
2017-06-10T00:00:00Z,2947.71,678760110082,201889e4
2017-06-09T00:00:00Z,2823.81,678760110082,134895e4
2017-06-08T00:00:00Z,2805.62,678760110082,128117e4
2017-06-07T00:00:00Z,2732.16,678760110082,151771e4
2017-06-06T00:00:00Z,2863.2,678760110082,208961e4
2017-06-05T00:00:00Z,2686.81,678760110082,136931e4
2017-06-04T00:00:00Z,2511.81,628336862171,135512e4
2017-06-03T00:00:00Z,2515.35,595921917085,151495e4
2017-06-02T00:00:00Z,2488.55,595921917085,131703e4
2017-06-01T00:00:00Z,2407.88,595921917085,165318e4
2017-05-31T00:00:00Z,2286.41,595921917085,154483e4
2017-05-30T00:00:00Z,2175.47,595921917085,144397e4
2017-05-29T00:00:00Z,2255.61,595921917085,994625e3
2017-05-28T00:00:00Z,2155.8,595921917085,114714e4
2017-05-27T00:00:00Z,2038.87,595921917085,170048e4
2017-05-26T00:00:00Z,2202.42,595921917085,176348e4
2017-05-25T00:00:00Z,2304.98,595921917085,24067e5
2017-05-24T00:00:00Z,2443.64,595921917085,172538e4
2017-05-23T00:00:00Z,2320.42,584152236545,137875e4
2017-05-22T00:00:00Z,2173.4,559970892890,194222e4
2017-05-21T00:00:00Z,2041.2,559970892890,114786e4
2017-05-20T00:00:00Z,2084.73,559970892890,961336e3
2017-05-19T00:00:00Z,1987.71,559970892890,115729e4
2017-05-18T00:00:00Z,1888.65,559970892890,894321e3
2017-05-17T00:00:00Z,1839.09,559970892890,106473e4
2017-05-16T00:00:00Z,1734.45,559970892890,959045e3
2017-05-15T00:00:00Z,1738.43,559970892890,731529e3
2017-05-14T00:00:00Z,1808.91,559970892890,437196e3
2017-05-13T00:00:00Z,1804.91,559970892890,579635e3
2017-05-12T00:00:00Z,1724.24,559970892890,740984e3
2017-05-11T00:00:00Z,1848.57,559970892890,79949e4
2017-05-10T00:00:00Z,1787.13,555092980097,915723e3
2017-05-09T00:00:00Z,1755.36,521974519553,116792e4
2017-05-08T00:00:00Z,1723.35,521974519553,134032e4
2017-05-07T00:00:00Z,1596.71,521974519553,108003e4
2017-05-06T00:00:00Z,1578.8,521974519553,58253e4
2017-05-05T00:00:00Z,1555.45,521974519553,946036e3
2017-05-04T00:00:00Z,1537.67,521974519553,933549e3
2017-05-03T00:00:00Z,1490.09,521974519553,583796e3
2017-05-02T00:00:00Z,1452.82,521974519553,477338e3
2017-05-01T00:00:00Z,1421.6,521974519553,713624e3
2017-04-30T00:00:00Z,1347.89,521974519553,413115e3
2017-04-29T00:00:00Z,1321.79,521974519553,422706e3
2017-04-28T00:00:00Z,1316.48,521974519553,527489e3
2017-04-27T00:00:00Z,1317.73,521839702599,449197e3
2017-04-26T00:00:00Z,1281.08,520808749422,329631e3
2017-04-25T00:00:00Z,1265.49,520808749422,242556e3
2017-04-24T00:00:00Z,1250.15,520808749422,235806e3
2017-04-23T00:00:00Z,1207.21,520808749422,258951e3
2017-04-22T00:00:00Z,1231.71,520808749422,24932e4
2017-04-21T00:00:00Z,1222.05,520808749422,272167e3
2017-04-20T00:00:00Z,1229.08,520808749422,315108e3
2017-04-19T00:00:00Z,1210.29,520808749422,288061e3
2017-04-18T00:00:00Z,1211.67,520808749422,270524e3
2017-04-17T00:00:00Z,1193.91,520808749422,253206e3
2017-04-16T00:00:00Z,1182.94,520808749422,183231e3
2017-04-15T00:00:00Z,1172.52,520808749422,203559e3
2017-04-14T00:00:00Z,1167.54,520808749422,254827e3
2017-04-13T00:00:00Z,1169.28,517807877352,351969e3
2017-04-12T00:00:00Z,1200.37,499635929816,288702e3
2017-04-11T00:00:00Z,1205.01,499635929816,216182e3
2017-04-10T00:00:00Z,1187.13,499635929816,215883e3
2017-04-09T00:00:00Z,1187.87,499635929816,242343e3
2017-04-08T00:00:00Z,1175.95,499635929816,209312e3
2017-04-07T00:00:00Z,1176.9,499635929816,317022e3
2017-04-06T00:00:00Z,1182.68,499635929816,511222e3
2017-04-05T00:00:00Z,1124.78,499635929816,414784e3
2017-04-04T00:00:00Z,1133.25,499635929816,43631e4
2017-04-03T00:00:00Z,1143.81,499635929816,580444e3
2017-04-02T00:00:00Z,1102.17,499635929816,514187e3
2017-04-01T00:00:00Z,1080.5,499635929816,289634e3
2017-03-31T00:00:00Z,1071.79,499635929816,447287e3
2017-03-30T00:00:00Z,1026.43,482855238677,352969e3
2017-03-29T00:00:00Z,1039.97,475705205061,298458e3
2017-03-28T00:00:00Z,1047.15,475705205061,326332e3
2017-03-27T00:00:00Z,1045.77,475705205061,372535e3
2017-03-26T00:00:00Z,966.73,475705205061,303668e3
2017-03-25T00:00:00Z,972.78,475705205061,435803e3
2017-03-24T00:00:00Z,937.52,475705205061,491038e3
2017-03-23T00:00:00Z,1038.59,475705205061,24854e4
2017-03-22T00:00:00Z,1049.14,475705205061,380841e3
2017-03-21T00:00:00Z,1120.54,475705205061,337391e3
2017-03-20T00:00:00Z,1054.23,475705205061,28653e4
2017-03-19T00:00:00Z,1036.74,475705205061,406648e3
2017-03-18T00:00:00Z,973.82,475705205061,621302e3
2017-03-17T00:00:00Z,1100.23,469886043903,706599e3
2017-03-16T00:00:00Z,1187.81,460769358090,638568e3
2017-03-15T00:00:00Z,1249.61,460769358090,297805e3
2017-03-14T00:00:00Z,1240,460769358090,245306e3
2017-03-13T00:00:00Z,1231.92,460769358090,380277e3
2017-03-12T00:00:00Z,1221.38,460769358090,227176e3
2017-03-11T00:00:00Z,1175.83,460769358090,28332e4
2017-03-10T00:00:00Z,1116.72,460769358090,563796e3
2017-03-09T00:00:00Z,1188.49,460769358090,212283e3
2017-03-08T00:00:00Z,1150,460769358090,332603e3
2017-03-07T00:00:00Z,1223.54,460769358090,291256e3
2017-03-06T00:00:00Z,1272.83,460769358090,153657e3
2017-03-05T00:00:00Z,1267.12,460769358090,134127e3
2017-03-04T00:00:00Z,1255.15,460769358090,18327e4
2017-03-03T00:00:00Z,1274.99,445545600358,315739e3
2017-03-02T00:00:00Z,1251.01,440779902286,368275e3
2017-03-01T00:00:00Z,1222.5,440779902286,229057e3
2017-02-28T00:00:00Z,1179.97,440779902286,184956e3
2017-02-27T00:00:00Z,1179.97,440779902286,13157e4
2017-02-26T00:00:00Z,1165.2,440779902286,116486e3
2017-02-25T00:00:00Z,1143.84,440779902286,139961e3
2017-02-24T00:00:00Z,1173.68,440779902286,330759e3
2017-02-23T00:00:00Z,1166.72,440779902286,189454e3
2017-02-22T00:00:00Z,1117.44,440779902286,1361e5
2017-02-21T00:00:00Z,1115.3,440779902286,186869e3
2017-02-20T00:00:00Z,1079.98,440779902286,109478e3
2017-02-19T00:00:00Z,1047.87,440779902286,77423300
2017-02-18T00:00:00Z,1054.42,432944392643,99073500
2017-02-17T00:00:00Z,1046.21,422170566883,136474e3
2017-02-16T00:00:00Z,1027.44,422170566883,122277e3
2017-02-15T00:00:00Z,1007.48,422170566883,89759400
2017-02-14T00:00:00Z,1004.55,422170566883,137946e3
2017-02-13T00:00:00Z,990.64,422170566883,100607e3
2017-02-12T00:00:00Z,999.18,422170566883,6753e4
2017-02-11T00:00:00Z,1004.45,422170566883,102261e3
2017-02-10T00:00:00Z,988.67,422170566883,190452e3
2017-02-09T00:00:00Z,994.38,422170566883,40722e4
2017-02-08T00:00:00Z,1063.07,422170566883,201855e3
2017-02-07T00:00:00Z,1061.35,422170566883,146007e3
2017-02-06T00:00:00Z,1038.15,422170566883,111762e3
2017-02-05T00:00:00Z,1027.34,422170566883,114208e3
2017-02-04T00:00:00Z,1042.9,393567551403,155064e3
2017-02-03T00:00:00Z,1029.91,392963262344,201278e3
2017-02-02T00:00:00Z,1011.8,392963262344,145821e3
2017-02-01T00:00:00Z,989.02,392963262344,15011e4
2017-01-31T00:00:00Z,970.4,392963262344,164582e3
2017-01-30T00:00:00Z,920.38,392963262344,78227300
2017-01-29T00:00:00Z,919.5,392963262344,60851700
2017-01-28T00:00:00Z,921.59,392963262344,68979600
2017-01-27T00:00:00Z,919.75,392963262344,125594e3
2017-01-26T00:00:00Z,917.59,392963262344,131958e3
2017-01-25T00:00:00Z,901.54,392963262344,120831e3
2017-01-24T00:00:00Z,892.69,392963262344,111349e3
2017-01-23T00:00:00Z,921.01,392963262344,73588600
2017-01-22T00:00:00Z,924.67,339477557142,116573e3
2017-01-21T00:00:00Z,921.79,336899932795,111158e3
2017-01-20T00:00:00Z,895.03,336899932795,86728400
2017-01-19T00:00:00Z,899.07,336899932795,105625e3
2017-01-18T00:00:00Z,886.62,336899932795,225677e3
2017-01-17T00:00:00Z,907.94,336899932795,155095e3
2017-01-16T00:00:00Z,831.53,336899932795,82755200
2017-01-15T00:00:00Z,821.8,336899932795,71013600
2017-01-14T00:00:00Z,818.41,336899932795,93063300
2017-01-13T00:00:00Z,823.98,336899932795,168968e3
2017-01-12T00:00:00Z,804.83,336899932795,222326e3
2017-01-11T00:00:00Z,777.76,336899932795,310929e3
2017-01-10T00:00:00Z,907.68,319489481520,115808e3
2017-01-09T00:00:00Z,902.83,317688400354,141877e3
2017-01-08T00:00:00Z,911.2,317688400354,158715e3
2017-01-07T00:00:00Z,908.59,317688400354,27955e4
2017-01-06T00:00:00Z,902.2,317688400354,351876e3
2017-01-05T00:00:00Z,1013.38,317688400354,510199e3
2017-01-04T00:00:00Z,1154.73,317688400354,344946e3
2017-01-03T00:00:00Z,1043.84,317688400354,185168e3
2017-01-02T00:00:00Z,1021.75,317688400354,222185e3
2017-01-01T00:00:00Z,998.33,317688400354,147775e3
2016-12-31T00:00:00Z,963.74,317688400354,99135100
2016-12-30T00:00:00Z,961.24,317688400354,187474e3
2016-12-29T00:00:00Z,973.5,317688400354,19932e4
2016-12-28T00:00:00Z,975.92,312083434211,23663e4
2016-12-27T00:00:00Z,933.2,310153855703,167308e3
2016-12-26T00:00:00Z,907.61,310153855703,123771e3
2016-12-25T00:00:00Z,896.18,310153855703,143665e3
2016-12-24T00:00:00Z,898.82,310153855703,137727e3
2016-12-23T00:00:00Z,921.98,310153855703,275564e3
2016-12-22T00:00:00Z,864.54,310153855703,200027e3
2016-12-21T00:00:00Z,834.28,310153855703,155576e3
2016-12-20T00:00:00Z,800.88,310153855703,99629300
2016-12-19T00:00:00Z,792.71,310153855703,74886400
2016-12-18T00:00:00Z,790.53,310153855703,60524400
2016-12-17T00:00:00Z,790.83,310153855703,78989800
2016-12-16T00:00:00Z,784.91,310153855703,83608200
2016-12-15T00:00:00Z,778.09,308312273901,81580100
2016-12-14T00:00:00Z,781.48,286765766820,75979e3
2016-12-13T00:00:00Z,780.56,286765766820,81645600
2016-12-12T00:00:00Z,780.09,286765766820,76571e3
2016-12-11T00:00:00Z,769.73,286765766820,57313400
2016-12-10T00:00:00Z,774.65,286765766820,53843100
2016-12-09T00:00:00Z,772.79,286765766820,68705300
2016-12-08T00:00:00Z,770.81,286765766820,80111900
2016-12-07T00:00:00Z,768.13,286765766820,96426100
2016-12-06T00:00:00Z,764.22,286765766820,116218e3
2016-12-05T00:00:00Z,758.7,286765766820,106363e3
2016-12-04T00:00:00Z,773.87,286765766820,60557900
2016-12-03T00:00:00Z,771.15,286765766820,69547300
2016-12-02T00:00:00Z,777.94,286179638739,127605e3
2016-12-01T00:00:00Z,756.77,281800917193,80461900
2016-11-30T00:00:00Z,745.69,281800917193,84070800
2016-11-29T00:00:00Z,735.6,281800917193,68511100
2016-11-28T00:00:00Z,735.81,281800917193,61888600
2016-11-27T00:00:00Z,732.03,281800917193,52601800
2016-11-26T00:00:00Z,735.38,281800917193,54962700
2016-11-25T00:00:00Z,741.65,281800917193,67807600
2016-11-24T00:00:00Z,740.29,281800917193,85919300
2016-11-23T00:00:00Z,744.59,281800917193,76543800
2016-11-22T00:00:00Z,751.35,281800917193,129906e3
2016-11-21T00:00:00Z,739.25,281800917193,60802400
2016-11-20T00:00:00Z,731.03,281800917193,154116e3
2016-11-19T00:00:00Z,751.62,281800917193,110608e3
2016-11-18T00:00:00Z,751.59,272434584596,87363100
2016-11-17T00:00:00Z,740.98,254620187304,108579e3
2016-11-16T00:00:00Z,744.2,254620187304,141294e3
2016-11-15T00:00:00Z,711.62,254620187304,72038500
2016-11-14T00:00:00Z,705.02,254620187304,62993e3
2016-11-13T00:00:00Z,702.03,254620187304,80318100
2016-11-12T00:00:00Z,705.05,254620187304,64622500
2016-11-11T00:00:00Z,716.41,254620187304,63119700
2016-11-10T00:00:00Z,715.53,254620187304,68807800
2016-11-09T00:00:00Z,723.27,254620187304,132429e3
2016-11-08T00:00:00Z,709.85,254620187304,79660800
2016-11-07T00:00:00Z,703.13,254620187304,65047100
2016-11-06T00:00:00Z,711.52,254620187304,59902200
2016-11-05T00:00:00Z,703.42,253967917208,53752300
2016-11-04T00:00:00Z,703.24,253618246641,99907700
2016-11-03T00:00:00Z,688.7,253618246641,172808e3
2016-11-02T00:00:00Z,740.83,253618246641,84865200
2016-11-01T00:00:00Z,729.79,253618246641,130527e3
2016-10-31T00:00:00Z,700.97,253618246641,97064400
2016-10-30T00:00:00Z,701.86,253618246641,100665e3
2016-10-29T00:00:00Z,714.48,253618246641,134761e3
2016-10-28T00:00:00Z,689.65,253618246641,81145500
2016-10-27T00:00:00Z,688.31,253618246641,96105300
2016-10-26T00:00:00Z,678.3,253618246641,88877100
2016-10-25T00:00:00Z,657.59,253618246641,90378800
2016-10-24T00:00:00Z,653.76,253618246641,62218200
2016-10-23T00:00:00Z,657.07,253618246641,54474600
2016-10-22T00:00:00Z,657.29,257535264828,78556500
2016-10-21T00:00:00Z,632.83,258522748404,55951e3
2016-10-20T00:00:00Z,630.86,258522748404,56957300
2016-10-19T00:00:00Z,630.52,258522748404,69381700
2016-10-18T00:00:00Z,637.96,258522748404,65546700
2016-10-17T00:00:00Z,639.19,258522748404,58063600
2016-10-16T00:00:00Z,641.63,258522748404,40298100
2016-10-15T00:00:00Z,638.65,258522748404,39035400
2016-10-14T00:00:00Z,640.38,258522748404,58144600
2016-10-13T00:00:00Z,636.79,258522748404,61620700
2016-10-12T00:00:00Z,636.19,258522748404,92370200
2016-10-11T00:00:00Z,641.07,258522748404,10359e4
2016-10-10T00:00:00Z,618.99,258522748404,67481100
2016-10-09T00:00:00Z,616.75,258522748404,39243400
2016-10-08T00:00:00Z,619.11,250540187708,42345900
2016-10-07T00:00:00Z,617.12,241227200229,64071400
2016-10-06T00:00:00Z,613.02,241227200229,56812100
2016-10-05T00:00:00Z,612.51,241227200229,68077500
2016-10-04T00:00:00Z,610.2,241227200229,49801600
2016-10-03T00:00:00Z,612.13,241227200229,46798300
2016-10-02T00:00:00Z,610.89,241227200229,39249800
2016-10-01T00:00:00Z,613.98,241227200229,56357e3
2016-09-30T00:00:00Z,609.74,241227200229,56122400
2016-09-29T00:00:00Z,605.69,241227200229,55658600
2016-09-28T00:00:00Z,604.73,241227200229,48722600
2016-09-27T00:00:00Z,606.17,241227200229,49422400
2016-09-26T00:00:00Z,608.04,241227200229,59153800
2016-09-25T00:00:00Z,600.83,234688749068,33977800
2016-09-24T00:00:00Z,602.63,225832872179,35359500
2016-09-23T00:00:00Z,602.84,225832872179,51067e3
2016-09-22T00:00:00Z,596.3,225832872179,67085300
2016-09-21T00:00:00Z,597.15,225832872179,82776200
2016-09-20T00:00:00Z,608.31,225832872179,72710900
2016-09-19T00:00:00Z,609.23,225832872179,54796400
2016-09-18T00:00:00Z,609.87,225832872179,48679400
2016-09-17T00:00:00Z,605.98,225832872179,37140300
2016-09-16T00:00:00Z,606.97,225832872179,64963400
2016-09-15T00:00:00Z,607.15,225832872179,59464600
2016-09-14T00:00:00Z,610.68,225832872179,47877700
2016-09-13T00:00:00Z,609.24,225832872179,86920600
2016-09-12T00:00:00Z,608.24,224586991480,72812300
2016-09-11T00:00:00Z,606.72,220755908330,73610800
2016-09-10T00:00:00Z,623.51,220755908330,45016800
2016-09-09T00:00:00Z,622.86,220755908330,64550200
2016-09-08T00:00:00Z,626.32,220755908330,86713e3
2016-09-07T00:00:00Z,614.54,220755908330,75032400
2016-09-06T00:00:00Z,610.44,220755908330,78529100
2016-09-05T00:00:00Z,606.59,220755908330,82446800
2016-09-04T00:00:00Z,608.63,220755908330,97942900
2016-09-03T00:00:00Z,598.21,220755908330,159014e3
2016-09-02T00:00:00Z,575.54,220755908330,79910800
2016-09-01T00:00:00Z,572.3,220755908330,76923400
2016-08-31T00:00:00Z,575.47,220755908330,75840900
2016-08-30T00:00:00Z,577.5,220755908330,70342400
2016-08-29T00:00:00Z,574.11,218441791495,110398e3
2016-08-28T00:00:00Z,573.91,217375482757,86301600
2016-08-27T00:00:00Z,569.95,217375482757,59698300
2016-08-26T00:00:00Z,579.65,217375482757,48856800
2016-08-25T00:00:00Z,577.76,217375482757,13613e4
2016-08-24T00:00:00Z,580.18,217375482757,56328200
2016-08-23T00:00:00Z,583.41,217375482757,85349200
2016-08-22T00:00:00Z,586.75,217375482757,72844e3
2016-08-21T00:00:00Z,581.31,217375482757,38299400
2016-08-20T00:00:00Z,581.7,217375482757,45301400
2016-08-19T00:00:00Z,575.63,217375482757,50631600
2016-08-18T00:00:00Z,574.32,217375482757,59896600
2016-08-17T00:00:00Z,573.22,217375482757,54443e3
2016-08-16T00:00:00Z,577.44,217375482757,58405200
2016-08-15T00:00:00Z,567.24,203483855227,57262300
2016-08-14T00:00:00Z,570.47,201893210853,60851100
2016-08-13T00:00:00Z,585.59,201893210853,43563e3
2016-08-12T00:00:00Z,587.56,201893210853,69218e3
2016-08-11T00:00:00Z,589.12,201893210853,74514400
2016-08-10T00:00:00Z,592.1,201893210853,102905e3
2016-08-09T00:00:00Z,587.8,201893210853,92228100
2016-08-08T00:00:00Z,591.05,201893210853,61194100
2016-08-07T00:00:00Z,592.69,201893210853,82398400
2016-08-06T00:00:00Z,587.78,201893210853,80797300
2016-08-05T00:00:00Z,575.04,201893210853,66127900
2016-08-04T00:00:00Z,578.29,201893210853,125292e3
2016-08-03T00:00:00Z,566.36,201893210853,207982e3
2016-08-02T00:00:00Z,547.47,210798472403,330933e3
2016-08-01T00:00:00Z,606.27,213492501107,121887e3
2016-07-31T00:00:00Z,624.68,213492501107,110818e3
2016-07-30T00:00:00Z,655.05,213492501107,38456100
2016-07-29T00:00:00Z,656.99,213492501107,60703500
2016-07-28T00:00:00Z,655.03,213492501107,86428400
2016-07-27T00:00:00Z,654.35,213492501107,147461e3
2016-07-26T00:00:00Z,651.78,213492501107,225135e3
2016-07-25T00:00:00Z,654.1,213492501107,78176500
2016-07-24T00:00:00Z,661.28,213492501107,118184e3
2016-07-23T00:00:00Z,655.56,213492501107,69532200
2016-07-22T00:00:00Z,650.62,213492501107,134169e3
2016-07-21T00:00:00Z,665.01,213492501107,60491800
2016-07-20T00:00:00Z,665.68,213492501107,94636400
2016-07-19T00:00:00Z,672.86,213492501107,61203300
2016-07-18T00:00:00Z,673.11,213402065458,69465e3
2016-07-17T00:00:00Z,679.46,213398925331,74407900
2016-07-16T00:00:00Z,660.77,213398925331,50330200
2016-07-15T00:00:00Z,663.25,213398925331,81673100
2016-07-14T00:00:00Z,658.08,213398925331,98511400
2016-07-13T00:00:00Z,654.47,213398925331,131449e3
2016-07-12T00:00:00Z,664.55,213398925331,138173e3
2016-07-11T00:00:00Z,647.66,213398925331,10791e4
2016-07-10T00:00:00Z,649.36,213398925331,102532e3
2016-07-09T00:00:00Z,650.96,213398925331,180536e3
2016-07-08T00:00:00Z,666.52,213398925331,14197e4
2016-07-07T00:00:00Z,640.56,213398925331,258091e3
2016-07-06T00:00:00Z,677.33,213398925331,134961e3
2016-07-05T00:00:00Z,670.63,213398925331,130476e3
2016-07-04T00:00:00Z,683.66,209557682217,92008400
2016-07-03T00:00:00Z,658.66,209453158595,129512e3
2016-07-02T00:00:00Z,703.7,209453158595,112354e3
2016-07-01T00:00:00Z,676.3,209453158595,134431e3
2016-06-30T00:00:00Z,673.34,209453158595,13898e4
2016-06-29T00:00:00Z,639.89,209453158595,142456e3
2016-06-28T00:00:00Z,647,209453158595,138385e3
2016-06-27T00:00:00Z,655.27,209453158595,122134e3
2016-06-26T00:00:00Z,629.37,209453158595,109225e3
2016-06-25T00:00:00Z,665.12,209453158595,126656e3
2016-06-24T00:00:00Z,665.3,209453158595,224317e3
2016-06-23T00:00:00Z,623.98,209453158595,253462e3
2016-06-22T00:00:00Z,596.12,209453158595,266393e3
2016-06-21T00:00:00Z,666.65,206307449112,309944e3
2016-06-20T00:00:00Z,737.23,196061423939,174511e3
2016-06-19T00:00:00Z,763.78,196061423939,136185e3
2016-06-18T00:00:00Z,756.23,196061423939,252718e3
2016-06-17T00:00:00Z,748.91,196061423939,363321e3
2016-06-16T00:00:00Z,766.31,196061423939,271634e3
2016-06-15T00:00:00Z,694.47,196061423939,99223800
2016-06-14T00:00:00Z,685.56,196061423939,186694e3
2016-06-13T00:00:00Z,704.38,196061423939,243295e3
2016-06-12T00:00:00Z,672.78,196061423939,277085e3
2016-06-11T00:00:00Z,606.73,196061423939,82357e3
2016-06-10T00:00:00Z,577.47,196061423939,66991900
2016-06-09T00:00:00Z,574.63,196061423939,71301e3
2016-06-08T00:00:00Z,581.64,196422606560,80265800
2016-06-07T00:00:00Z,576.6,199312067531,10777e4
2016-06-06T00:00:00Z,585.54,199312067531,72138900
2016-06-05T00:00:00Z,574.98,199312067531,68874100
2016-06-04T00:00:00Z,572.73,199312067531,94925300
2016-06-03T00:00:00Z,569.19,199312067531,12202e4
2016-06-02T00:00:00Z,537.97,199312067531,60378200
2016-06-01T00:00:00Z,536.92,199312067531,86061800
2016-05-31T00:00:00Z,531.39,199312067531,13845e4
2016-05-30T00:00:00Z,533.86,199312067531,87958700
2016-05-29T00:00:00Z,526.23,199312067531,148737e3
2016-05-28T00:00:00Z,530.04,199312067531,181199e3
2016-05-27T00:00:00Z,473.46,199312067531,164781e3
2016-05-26T00:00:00Z,453.38,199312067531,65203800
2016-05-25T00:00:00Z,449.6,199312067531,65231e3
2016-05-24T00:00:00Z,445.98,194770865921,65783100
2016-05-23T00:00:00Z,444.15,194254820283,50582500
2016-05-22T00:00:00Z,439.32,194254820283,39657600
2016-05-21T00:00:00Z,443.19,194254820283,42762300
2016-05-20T00:00:00Z,442.68,194254820283,81987900
2016-05-19T00:00:00Z,438.71,194254820283,96027400
2016-05-18T00:00:00Z,454.62,194254820283,86850100
2016-05-17T00:00:00Z,453.78,194254820283,64100300
2016-05-16T00:00:00Z,454.16,194254820283,59171500
2016-05-15T00:00:00Z,457.57,194254820283,28514e3
2016-05-14T00:00:00Z,455.67,194254820283,37209e3
2016-05-13T00:00:00Z,455.67,194254820283,60845e3
2016-05-12T00:00:00Z,454.77,194254820283,59849300
2016-05-11T00:00:00Z,452.73,190502504491,50605200
2016-05-10T00:00:00Z,450.89,178659257772,58956100
2016-05-09T00:00:00Z,460.48,178659257772,55493100
2016-05-08T00:00:00Z,458.55,178659257772,40315e3
2016-05-07T00:00:00Z,458.54,178659257772,38364500
2016-05-06T00:00:00Z,459.6,178659257772,72796800
2016-05-05T00:00:00Z,447.98,178659257772,50440800
2016-05-04T00:00:00Z,446.72,178659257772,50407300
2016-05-03T00:00:00Z,450.3,178659257772,59366400
2016-05-02T00:00:00Z,444.67,178659257772,92127e3
2016-05-01T00:00:00Z,451.88,178659257772,40660100
2016-04-30T00:00:00Z,448.32,178659257772,69322600
2016-04-29T00:00:00Z,455.1,178659257772,49258500
2016-04-28T00:00:00Z,449.01,178666121339,74064700
2016-04-27T00:00:00Z,444.69,178678307671,93564900
2016-04-26T00:00:00Z,466.09,178678307671,78971900
2016-04-25T00:00:00Z,461.43,178678307671,87091800
2016-04-24T00:00:00Z,458.56,178678307671,68198400
2016-04-23T00:00:00Z,450.28,178678307671,50485400
2016-04-22T00:00:00Z,445.74,178678307671,58804400
2016-04-21T00:00:00Z,449.43,178678307671,68204700
2016-04-20T00:00:00Z,441.39,178678307671,72890100
2016-04-19T00:00:00Z,435.51,178678307672,52810500
2016-04-18T00:00:00Z,428.59,178678307672,55670900
2016-04-17T00:00:00Z,427.4,178678307672,52125900
2016-04-16T00:00:00Z,430.57,178678307672,39392800
2016-04-15T00:00:00Z,429.71,178678307672,54801500
2016-04-14T00:00:00Z,424.28,178678307672,45281e3
2016-04-13T00:00:00Z,423.73,166851513283,69060400
2016-04-12T00:00:00Z,425.19,166851513283,70728800
2016-04-11T00:00:00Z,422.48,166851513283,50747500
2016-04-10T00:00:00Z,421.56,166851513283,73478600
2016-04-09T00:00:00Z,419.41,166851513283,49792700
2016-04-08T00:00:00Z,420.35,166851513283,63454700
2016-04-07T00:00:00Z,422.75,166851513283,57858600
2016-04-06T00:00:00Z,423.41,166851513283,59091e3
2016-04-05T00:00:00Z,424.03,166851513283,60718e3
2016-04-04T00:00:00Z,421.44,166851513283,50634300
2016-04-03T00:00:00Z,420.9,166851513283,38053700
2016-04-02T00:00:00Z,420.87,166851513283,45681200
2016-04-01T00:00:00Z,417.96,166851513283,51235700
2016-03-31T00:00:00Z,416.73,165496835118,60215200
2016-03-30T00:00:00Z,414.82,165496835118,66034100
2016-03-29T00:00:00Z,416.52,165496835118,75411500
2016-03-28T00:00:00Z,424.23,165496835118,68522800
2016-03-27T00:00:00Z,426.76,165496835118,71229400
2016-03-26T00:00:00Z,417.94,165496835118,44650400
2016-03-25T00:00:00Z,417.18,165496835118,5256e4
2016-03-24T00:00:00Z,416.39,165496835118,68346700
2016-03-23T00:00:00Z,418.04,165496835118,61444200
2016-03-22T00:00:00Z,418.09,165496835118,66813300
2016-03-21T00:00:00Z,413.31,165496835118,61655400
2016-03-20T00:00:00Z,413.75,165496835118,45947900
2016-03-19T00:00:00Z,410.44,165496835118,58423e3
2016-03-18T00:00:00Z,409.55,165496835118,10494e4
2016-03-17T00:00:00Z,420.62,158427203767,83528600
2016-03-16T00:00:00Z,417.01,158427203767,65185800
2016-03-15T00:00:00Z,416.83,158427203767,66781700
2016-03-14T00:00:00Z,416.44,158427203767,95259400
2016-03-13T00:00:00Z,414.06,158427203767,74322800
2016-03-12T00:00:00Z,411.62,158427203767,92712900
2016-03-11T00:00:00Z,421.69,158427203767,73969700
2016-03-10T00:00:00Z,417.13,158427203767,81022900
2016-03-09T00:00:00Z,414.86,158427203767,70012300
2016-03-08T00:00:00Z,413.97,158427203767,70311700
2016-03-07T00:00:00Z,414.32,158427203767,85762400
2016-03-06T00:00:00Z,407.71,158427203767,91212500
2016-03-05T00:00:00Z,400.57,163491654909,135385e3
2016-03-04T00:00:00Z,410.94,163491654909,90856100
2016-03-03T00:00:00Z,421.65,163491654909,100484e3
2016-03-02T00:00:00Z,423.99,163491654909,74955300
2016-03-01T00:00:00Z,435.12,163491654909,74895800
2016-02-29T00:00:00Z,437.7,163491654909,60694700
2016-02-28T00:00:00Z,433.5,163491654909,53033400
2016-02-27T00:00:00Z,432.52,163491654909,41893600
2016-02-26T00:00:00Z,432.15,163491654909,61486e3
2016-02-25T00:00:00Z,424.54,163491654909,70798e3
2016-02-24T00:00:00Z,424.95,163491654909,67743700
2016-02-23T00:00:00Z,420.74,163491654909,85244900
2016-02-22T00:00:00Z,437.75,163491654909,85385200
2016-02-21T00:00:00Z,438.8,163491654909,89820700
2016-02-20T00:00:00Z,437.16,163491654909,93992100
2016-02-19T00:00:00Z,420.79,163491654909,55711300
2016-02-18T00:00:00Z,422.37,144116447847,76752600
2016-02-17T00:00:00Z,416.32,144116447847,83193600
2016-02-16T00:00:00Z,407.49,144116447847,73093100
2016-02-15T00:00:00Z,400.19,144116447847,74070500
2016-02-14T00:00:00Z,407.23,144116447847,74469800
2016-02-13T00:00:00Z,391.86,144116447847,61911700
2016-02-12T00:00:00Z,384.26,144116447847,67042800
2016-02-11T00:00:00Z,379.65,144116447847,74375600
2016-02-10T00:00:00Z,381.65,144116447847,85130900
2016-02-09T00:00:00Z,376.03,144116447847,55318500
2016-02-08T00:00:00Z,373.45,144116447847,47671100
2016-02-07T00:00:00Z,376.62,144116447847,37076300
2016-02-06T00:00:00Z,376.52,120033340651,49249300
2016-02-05T00:00:00Z,386.55,120033340651,43825e3
2016-02-04T00:00:00Z,389.59,120033340651,69285500
2016-02-03T00:00:00Z,369.95,120033340651,45933400
2016-02-02T00:00:00Z,374.45,120033340651,40378700
2016-02-01T00:00:00Z,373.06,120033340651,51656700
2016-01-31T00:00:00Z,368.77,120033340651,37894300
2016-01-30T00:00:00Z,378.25,120033340651,30284400
2016-01-29T00:00:00Z,379.47,120033340651,86125300
2016-01-28T00:00:00Z,380.29,120033340651,59247900
2016-01-27T00:00:00Z,394.97,120033340651,47424400
2016-01-26T00:00:00Z,392.15,120033340651,58147e3
2016-01-25T00:00:00Z,391.73,113354299801,59062400
2016-01-24T00:00:00Z,402.97,113354299801,54824800
2016-01-23T00:00:00Z,387.49,113354299801,56247400
2016-01-22T00:00:00Z,382.49,113354299801,91546600
2016-01-21T00:00:00Z,410.26,113354299801,68338e3
2016-01-20T00:00:00Z,420.23,113354299801,12172e4
2016-01-19T00:00:00Z,380.15,113354299801,46819800
2016-01-18T00:00:00Z,387.17,113354299801,54403900
2016-01-17T00:00:00Z,382.3,113354299801,45319600
2016-01-16T00:00:00Z,387.54,113354299801,120352e3
2016-01-15T00:00:00Z,364.33,113354299801,153351e3
2016-01-14T00:00:00Z,430.31,113354299801,43945500
2016-01-13T00:00:00Z,432.37,113354299801,173888e3
2016-01-12T00:00:00Z,435.69,103880340815,115607e3
2016-01-11T00:00:00Z,448.43,103880340815,4045e4
2016-01-10T00:00:00Z,447.99,103880340815,35995900
2016-01-09T00:00:00Z,447.61,103880340815,32278e3
2016-01-08T00:00:00Z,453.23,103880340815,56993e3
2016-01-07T00:00:00Z,458.05,103880340815,87562200
2016-01-06T00:00:00Z,429.11,103880340815,34042500
2016-01-05T00:00:00Z,431.96,103880340815,34522600
2016-01-04T00:00:00Z,433.09,103880340815,38477500
2016-01-03T00:00:00Z,430.01,103880340815,39633800
2016-01-02T00:00:00Z,433.44,103880340815,30096600
2016-01-01T00:00:00Z,434.33,103880340815,36278900
2015-12-31T00:00:00Z,430.57,103880340815,45996600
2015-12-30T00:00:00Z,426.62,93448670796.3,46889400
2015-12-29T00:00:00Z,432.98,93448670796.3,51596500
2015-12-28T00:00:00Z,422.28,93448670796.3,49638600
2015-12-27T00:00:00Z,422.82,93448670796.3,53591200
2015-12-26T00:00:00Z,417.27,93448670796.3,116166e3
2015-12-25T00:00:00Z,455.65,93448670796.3,39078500
2015-12-24T00:00:00Z,454.99,93448670796.3,57157200
2015-12-23T00:00:00Z,442.4,93448670796.3,47161400
2015-12-22T00:00:00Z,436.57,93448670796.3,50840400
2015-12-21T00:00:00Z,438.64,93448670796.3,77639700
2015-12-20T00:00:00Z,442.69,93448670796.3,75409400
2015-12-19T00:00:00Z,462.32,93448670796.3,47892700
2015-12-18T00:00:00Z,463.62,79102380900.2,60220100
2015-12-17T00:00:00Z,456.08,79102380900.2,47978400
2015-12-16T00:00:00Z,454.93,79102380900.2,107944e3
2015-12-15T00:00:00Z,465.32,79102380900.2,83121100
2015-12-14T00:00:00Z,444.18,79102380900.2,130496e3
2015-12-13T00:00:00Z,433.75,79102380900.2,55050600
2015-12-12T00:00:00Z,435,79102380900.2,131969e3
2015-12-11T00:00:00Z,451.94,79102380900.2,110944e3
2015-12-10T00:00:00Z,415.48,79102380900.2,52138900
2015-12-09T00:00:00Z,417.56,79102380900.2,90917200
2015-12-08T00:00:00Z,415.56,79102380900.2,57801400
2015-12-07T00:00:00Z,395.54,79102380900.2,63455800
2015-12-06T00:00:00Z,388.78,72722780642.5,77762e3
2015-12-05T00:00:00Z,388.95,72722780642.5,66282200
2015-12-04T00:00:00Z,363.18,72722780642.5,35784100
2015-12-03T00:00:00Z,361.05,72722780642.5,50714900
2015-12-02T00:00:00Z,359.19,72722780642.5,54160500
2015-12-01T00:00:00Z,362.49,72722780642.5,60452200
2015-11-30T00:00:00Z,377.32,72722780642.5,71701600
2015-11-29T00:00:00Z,371.29,72722780642.5,40409300
2015-11-28T00:00:00Z,357.38,72722780642.5,36816600
2015-11-27T00:00:00Z,358.04,72722780642.5,55179100
2015-11-26T00:00:00Z,352.68,72722780642.5,106105e3
2015-11-25T00:00:00Z,328.21,72722780642.5,41666900
2015-11-24T00:00:00Z,320.05,72722780642.5,29362600
2015-11-23T00:00:00Z,323.05,65848255179.7,27478900
2015-11-22T00:00:00Z,324.54,65848255179.7,23439400
2015-11-21T00:00:00Z,326.93,65848255179.7,28200500
2015-11-20T00:00:00Z,322.02,65848255179.7,53152900
2015-11-19T00:00:00Z,326.15,65848255179.7,45011100
2015-11-18T00:00:00Z,334.59,65848255179.7,43783800
2015-11-17T00:00:00Z,335.09,65848255179.7,51001600
2015-11-16T00:00:00Z,330.75,65848255179.7,47980100
2015-11-15T00:00:00Z,320.17,65848255179.7,44213100
2015-11-14T00:00:00Z,332.91,65848255179.7,38612e3
2015-11-13T00:00:00Z,336.75,65848255179.7,52003e3
2015-11-12T00:00:00Z,338.15,65848255179.7,78477800
2015-11-11T00:00:00Z,311.08,65848255179.7,10707e4
2015-11-10T00:00:00Z,336.82,62253982449.8,95797900
2015-11-09T00:00:00Z,380.26,62253982449.8,68224400
2015-11-08T00:00:00Z,373.37,62253982449.8,51817600
2015-11-07T00:00:00Z,386.48,62253982449.8,56625100
2015-11-06T00:00:00Z,374.47,62253982449.8,122687e3
2015-11-05T00:00:00Z,386.35,62253982449.8,151825e3
2015-11-04T00:00:00Z,411.56,62253982449.8,2639e5
2015-11-03T00:00:00Z,403.42,62253982449.8,206162e3
2015-11-02T00:00:00Z,361.19,62253982449.8,101918e3
2015-11-01T00:00:00Z,325.43,62253982449.8,37001100
2015-10-31T00:00:00Z,314.17,62253982449.8,48598100
2015-10-30T00:00:00Z,328.01,62253982449.8,78305e3
2015-10-29T00:00:00Z,313.86,62253982449.8,64495900
2015-10-28T00:00:00Z,304.62,60883825480.1,50808100
2015-10-27T00:00:00Z,293.79,60883825480.1,46331800
2015-10-26T00:00:00Z,285.3,60883825480.1,32108800
2015-10-25T00:00:00Z,283.68,60883825480.1,45717100
2015-10-24T00:00:00Z,281.65,60883825480.1,25942400
2015-10-23T00:00:00Z,276.5,60883825480.1,29442500
2015-10-22T00:00:00Z,274.02,60883825480.1,37808600
2015-10-21T00:00:00Z,266.27,60883825480.1,25637300
2015-10-20T00:00:00Z,269.46,60883825480.1,30889800
2015-10-19T00:00:00Z,263.44,60883825480.1,25258800
2015-10-18T00:00:00Z,261.64,60883825480.1,22434300
2015-10-17T00:00:00Z,270.64,60883825480.1,43199600
2015-10-16T00:00:00Z,262.87,60883825480.1,35901500
2015-10-15T00:00:00Z,254.32,60883825480.1,25223500
2015-10-14T00:00:00Z,251.99,60813224039.4,27462600
2015-10-13T00:00:00Z,249.51,60813224039.4,28198500
2015-10-12T00:00:00Z,245.31,60813224039.4,17388300
2015-10-11T00:00:00Z,247.05,60813224039.4,16827300
2015-10-10T00:00:00Z,244.94,60813224039.4,15912700
2015-10-09T00:00:00Z,243.93,60813224039.4,17353100
2015-10-08T00:00:00Z,242.3,60813224039.4,18515300
2015-10-07T00:00:00Z,242.97,60813224039.4,22999200
2015-10-06T00:00:00Z,246.06,60813224039.4,27535100
2015-10-05T00:00:00Z,240.38,60813224039.4,23335900
2015-10-04T00:00:00Z,238.26,60813224039.4,12999e3
2015-10-03T00:00:00Z,238.73,60813224039.4,16482700
2015-10-02T00:00:00Z,237.29,60813224039.4,19677900
2015-10-01T00:00:00Z,237.55,60813224039.4,20488800
2015-09-30T00:00:00Z,236.06,59335351233.9,19743500
2015-09-29T00:00:00Z,236.69,59335351233.9,22691300
2015-09-28T00:00:00Z,239.14,59335351233.9,24713e3
2015-09-27T00:00:00Z,232.76,59335351233.9,14179900
2015-09-26T00:00:00Z,234.34,59335351233.9,13724100
2015-09-25T00:00:00Z,235.14,59335351233.9,22363600
2015-09-24T00:00:00Z,234.53,59335351233.9,25097800
2015-09-23T00:00:00Z,230.28,59335351233.9,17254100
2015-09-22T00:00:00Z,230.62,59335351233.9,25009300
2015-09-21T00:00:00Z,227.09,59335351233.9,19678800
2015-09-20T00:00:00Z,231.21,59335351233.9,14444700
2015-09-19T00:00:00Z,231.49,59335351233.9,12712600
2015-09-18T00:00:00Z,232.97,59335351233.9,20242200
2015-09-17T00:00:00Z,229.81,56957648455,18935400
2015-09-16T00:00:00Z,229.09,56957648455,20144200
2015-09-15T00:00:00Z,230.3,56957648455,19177800
2015-09-14T00:00:00Z,230.64,56957648455,20997800
2015-09-13T00:00:00Z,230.51,56957648455,18478800
2015-09-12T00:00:00Z,235.23,56957648455,17962600
2015-09-11T00:00:00Z,240.11,56957648455,19224700
2015-09-10T00:00:00Z,238.48,56957648455,21215500
2015-09-09T00:00:00Z,238.17,56957648455,23635700
2015-09-08T00:00:00Z,243.61,56957648455,26879200
2015-09-07T00:00:00Z,239.85,56957648455,21192200
2015-09-06T00:00:00Z,239.84,56957648455,25473700
2015-09-05T00:00:00Z,235.02,56957648455,20671400
2015-09-04T00:00:00Z,230.3,56957648455,20962400
2015-09-03T00:00:00Z,227.18,54256630327.9,17482e3
2015-09-02T00:00:00Z,229.28,54256630327.9,18760400
2015-09-01T00:00:00Z,228.12,54256630327.9,20575200
2015-08-31T00:00:00Z,230.06,54256630327.9,20710700
2015-08-30T00:00:00Z,228.76,54256630327.9,19412600
2015-08-29T00:00:00Z,229.78,54256630327.9,17142500
2015-08-28T00:00:00Z,231.4,54256630327.9,31336600
2015-08-27T00:00:00Z,224.77,54256630327.9,21905400
2015-08-26T00:00:00Z,225.83,54256630327.9,31808e3
2015-08-25T00:00:00Z,221.61,54256630327.9,61089200
2015-08-24T00:00:00Z,210.5,54256630327.9,59220700
2015-08-23T00:00:00Z,228.17,54256630327.9,18406600
2015-08-22T00:00:00Z,230.39,54256630327.9,23205900
2015-08-21T00:00:00Z,232.57,52699842409.3,23173800
2015-08-20T00:00:00Z,235.35,52699842409.3,32275e3
2015-08-19T00:00:00Z,226.68,52699842409.3,60869200
2015-08-18T00:00:00Z,211.08,52699842409.3,42147200
2015-08-17T00:00:00Z,257.98,52699842409.3,21617900
2015-08-16T00:00:00Z,258.51,52699842409.3,29717e3
2015-08-15T00:00:00Z,261.55,52699842409.3,19321100
2015-08-14T00:00:00Z,265.68,52699842409.3,27091200
2015-08-13T00:00:00Z,264.08,52699842409.3,27685500
2015-08-12T00:00:00Z,266.38,52699842409.3,26815400
2015-08-11T00:00:00Z,270.39,52699842409.3,25433900
2015-08-10T00:00:00Z,264.47,52699842409.3,20979400
2015-08-09T00:00:00Z,265.08,52699842409.3,23789600
2015-08-08T00:00:00Z,261,52699842409.3,58533e3
2015-08-07T00:00:00Z,279.58,52278304845.6,42484800
2015-08-06T00:00:00Z,278.58,52278304845.6,18792100
2015-08-05T00:00:00Z,281.88,52278304845.6,20128e3
2015-08-04T00:00:00Z,285.22,52278304845.6,21908700
2015-08-03T00:00:00Z,281.23,52278304845.6,21474100
2015-08-02T00:00:00Z,282.61,52278304845.6,17722200
2015-08-01T00:00:00Z,281.6,52278304845.6,18995e3
2015-07-31T00:00:00Z,284.65,52278304845.6,23629100
2015-07-30T00:00:00Z,287.72,52278304845.6,21635800
2015-07-29T00:00:00Z,289.59,52278304845.6,24672600
2015-07-28T00:00:00Z,294.43,52278304845.6,25453600
2015-07-27T00:00:00Z,293.62,52278304845.6,30592e3
2015-07-26T00:00:00Z,292.69,52278304845.6,16032300
2015-07-25T00:00:00Z,288.7,52278304845.6,20662200
2015-07-24T00:00:00Z,288.28,51076366303.5,37199400
2015-07-23T00:00:00Z,276.05,51076366303.5,18531300
2015-07-22T00:00:00Z,277.22,51076366303.5,19389800
2015-07-21T00:00:00Z,275.83,51076366303.5,22930700
2015-07-20T00:00:00Z,278.98,51076366303.5,22711400
2015-07-19T00:00:00Z,273.61,51076366303.5,15332500
2015-07-18T00:00:00Z,274.9,51076366303.5,25187100
2015-07-17T00:00:00Z,279.47,51076366303.5,27591400
2015-07-16T00:00:00Z,278.09,51076366303.5,49482600
2015-07-15T00:00:00Z,285.83,51076366303.5,27486600
2015-07-14T00:00:00Z,287.46,51076366303.5,28727200
2015-07-13T00:00:00Z,292.05,51076366303.5,62053900
2015-07-12T00:00:00Z,310.87,51076366303.5,56405e3
2015-07-11T00:00:00Z,293.12,49402014931.2,41109900
2015-07-10T00:00:00Z,284.89,49402014931.2,10039e4
2015-07-09T00:00:00Z,269.23,49402014931.2,40301200
2015-07-08T00:00:00Z,270.79,49402014931.2,36980200
2015-07-07T00:00:00Z,266.21,49402014931.2,28857600
2015-07-06T00:00:00Z,269.03,49402014931.2,49154800
2015-07-05T00:00:00Z,271.91,49402014931.2,44156100
2015-07-04T00:00:00Z,260.89,49402014931.2,15620400
2015-07-03T00:00:00Z,256.34,49402014931.2,19033800
2015-07-02T00:00:00Z,255.41,49402014931.2,21551900
2015-07-01T00:00:00Z,258.62,49402014931.2,27029800
2015-06-30T00:00:00Z,263.07,49402014931.2,44533800
2015-06-29T00:00:00Z,257.06,49402014931.2,34742900
2015-06-28T00:00:00Z,249.01,49692386354.9,15137600
2015-06-27T00:00:00Z,250.99,49692386354.9,20488600
2015-06-26T00:00:00Z,243.59,49692386354.9,13983500
2015-06-25T00:00:00Z,242.8,49692386354.9,16133100
2015-06-24T00:00:00Z,240.51,49692386354.9,17344900
2015-06-23T00:00:00Z,244.3,49692386354.9,15108700
2015-06-22T00:00:00Z,246.99,49692386354.9,17692500
2015-06-21T00:00:00Z,243.94,49692386354.9,10600900
2015-06-20T00:00:00Z,245.21,49692386354.9,20608100
2015-06-19T00:00:00Z,244.61,49692386354.9,23965300
2015-06-18T00:00:00Z,249.01,49692386354.9,30980200
2015-06-17T00:00:00Z,249.28,49692386354.9,43858400
2015-06-16T00:00:00Z,250.9,49692386354.9,41612e3
2015-06-15T00:00:00Z,236.82,49692386354.9,19912100
2015-06-14T00:00:00Z,233.54,49692386354.9,12165900
2015-06-13T00:00:00Z,232.4,47589591153.6,13305300
2015-06-12T00:00:00Z,229.98,47589591153.6,14017700
2015-06-11T00:00:00Z,229.71,47589591153.6,14416e3
2015-06-10T00:00:00Z,228.8,47589591153.6,15904800
2015-06-09T00:00:00Z,229.05,47589591153.6,28353100
2015-06-08T00:00:00Z,228.49,47589591153.6,23378400
2015-06-07T00:00:00Z,222.88,47589591153.6,13318400
2015-06-06T00:00:00Z,225.62,47589591153.6,11131500
2015-06-05T00:00:00Z,224.95,47589591153.6,18056500
2015-06-04T00:00:00Z,224.32,47589591153.6,14728100
2015-06-03T00:00:00Z,225.87,47589591153.6,17752400
2015-06-02T00:00:00Z,225.8,47589591153.6,20459e3
2015-06-01T00:00:00Z,222.93,48807487244.7,26090500
2015-05-31T00:00:00Z,230.19,48807487244.7,14730800
2015-05-30T00:00:00Z,233.34,48807487244.7,14098600
2015-05-29T00:00:00Z,237.1,48807487244.7,14805e3
2015-05-28T00:00:00Z,237.41,48807487244.7,13829600
2015-05-27T00:00:00Z,237.28,48807487244.7,18837e3
2015-05-26T00:00:00Z,237.12,48807487244.7,16425e3
2015-05-25T00:00:00Z,237.11,48807487244.7,14423900
2015-05-24T00:00:00Z,240.95,48807487244.7,11508e3
2015-05-23T00:00:00Z,238.87,48807487244.7,14605e3
2015-05-22T00:00:00Z,240.35,48807487244.7,27003e3
2015-05-21T00:00:00Z,235.34,48807487244.7,15108900
2015-05-20T00:00:00Z,234.02,48807487244.7,15499400
2015-05-19T00:00:00Z,231.95,48807487244.7,14241900
2015-05-18T00:00:00Z,233.13,48807487244.7,16780300
2015-05-17T00:00:00Z,236.8,48807487244.7,11134300
2015-05-16T00:00:00Z,236.15,47643398017.8,11089700
2015-05-15T00:00:00Z,237.6,47643398017.8,16329400
2015-05-14T00:00:00Z,236.93,47643398017.8,24413700
2015-05-13T00:00:00Z,236.38,47643398017.8,27180100
2015-05-12T00:00:00Z,241.11,47643398017.8,19282600
2015-05-11T00:00:00Z,242.16,47643398017.8,20892300
2015-05-10T00:00:00Z,240.3,47643398017.8,15019100
2015-05-09T00:00:00Z,241.83,47643398017.8,19790500
2015-05-08T00:00:00Z,243.86,47643398017.8,27445500
2015-05-07T00:00:00Z,237.33,47643398017.8,29064400
2015-05-06T00:00:00Z,229.78,47643398017.8,29587200
2015-05-05T00:00:00Z,236.12,47643398017.8,23929100
2015-05-04T00:00:00Z,239.02,47643398017.8,21223400
2015-05-03T00:00:00Z,240.36,47610564513.5,18494100
2015-05-02T00:00:00Z,234.93,47610564513.5,12535500
2015-05-01T00:00:00Z,232.08,47610564513.5,18815300
2015-04-30T00:00:00Z,236.15,47610564513.5,33818600
2015-04-29T00:00:00Z,225.81,47610564513.5,18936500
2015-04-28T00:00:00Z,225.85,47610564513.5,21469200
2015-04-27T00:00:00Z,229.29,47610564513.5,38574e3
2015-04-26T00:00:00Z,219.43,47610564513.5,28943700
2015-04-25T00:00:00Z,226.39,47610564513.5,13957200
2015-04-24T00:00:00Z,231.27,47610564513.5,21448700
2015-04-23T00:00:00Z,236.46,47610564513.5,17036e3
2015-04-22T00:00:00Z,234.18,47610564513.5,23847900
2015-04-21T00:00:00Z,235.27,47610564513.5,24978e3
2015-04-20T00:00:00Z,224.63,49446390688.2,18364700
2015-04-19T00:00:00Z,222.6,49446390688.2,15021500
2015-04-18T00:00:00Z,223.36,49446390688.2,12939e3
2015-04-17T00:00:00Z,222.88,49446390688.2,20429800
2015-04-16T00:00:00Z,228.57,49446390688.2,24805400
2015-04-15T00:00:00Z,223.83,49446390688.2,22562e3
2015-04-14T00:00:00Z,219.16,49446390688.2,31719e3
2015-04-13T00:00:00Z,224.59,49446390688.2,31181800
2015-04-12T00:00:00Z,236.15,49446390688.2,12387900
2015-04-11T00:00:00Z,236.55,49446390688.2,16365200
2015-04-10T00:00:00Z,236.07,49446390688.2,28882e3
2015-04-09T00:00:00Z,243.68,49446390688.2,21643500
2015-04-08T00:00:00Z,245.02,49446390688.2,30086400
2015-04-07T00:00:00Z,253.18,49446390688.2,18467400
2015-04-06T00:00:00Z,255.49,49446390688.2,20034200
2015-04-05T00:00:00Z,260.6,49446390688.2,19649200
2015-04-04T00:00:00Z,253.7,46717549644.7,12493500
2015-04-03T00:00:00Z,254.32,46717549644.7,23146600
2015-04-02T00:00:00Z,253,46717549644.7,26272600
2015-04-01T00:00:00Z,247.27,46717549644.7,22877200
2015-03-31T00:00:00Z,244.22,46717549644.7,22672e3
2015-03-30T00:00:00Z,247.53,46717549644.7,23009600
2015-03-29T00:00:00Z,242.71,46717549644.7,21699400
2015-03-28T00:00:00Z,252.8,46717549644.7,16040900
2015-03-27T00:00:00Z,247.03,46717549644.7,17274900
2015-03-26T00:00:00Z,248.53,46717549644.7,2573e4
2015-03-25T00:00:00Z,246.2,46717549644.7,35866900
2015-03-24T00:00:00Z,245.59,46717549644.7,40073700
2015-03-23T00:00:00Z,266.74,47427554950.6,22811900
2015-03-22T00:00:00Z,267.96,47427554950.6,18438100
2015-03-21T00:00:00Z,260.02,47427554950.6,17130100
2015-03-20T00:00:00Z,261.75,47427554950.6,18456700
2015-03-19T00:00:00Z,260.93,47427554950.6,52732e3
2015-03-18T00:00:00Z,256.3,47427554950.6,57008e3
2015-03-17T00:00:00Z,285.5,47427554950.6,21497200
2015-03-16T00:00:00Z,290.59,47427554950.6,21516100
2015-03-15T00:00:00Z,286.39,47427554950.6,11970100
2015-03-14T00:00:00Z,281.88,47427554950.6,22612300
2015-03-13T00:00:00Z,285.34,47427554950.6,31421500
2015-03-12T00:00:00Z,294.35,47427554950.6,32585200
2015-03-11T00:00:00Z,296.38,47427554950.6,33963900
2015-03-10T00:00:00Z,291.76,47427554950.6,67770800
2015-03-09T00:00:00Z,289.61,47427554950.6,59178200
2015-03-08T00:00:00Z,274.35,46684376316.9,22067900
2015-03-07T00:00:00Z,276.26,46684376316.9,17825900
2015-03-06T00:00:00Z,272.72,46684376316.9,28918900
2015-03-05T00:00:00Z,276.18,46684376316.9,41302400
2015-03-04T00:00:00Z,273.09,46684376316.9,41383e3
2015-03-03T00:00:00Z,281.7,46684376316.9,50461300
2015-03-02T00:00:00Z,275.67,46684376316.9,40465700
2015-03-01T00:00:00Z,260.2,46684376316.9,25213700
2015-02-28T00:00:00Z,254.26,46684376316.9,13949300
2015-02-27T00:00:00Z,253.83,46684376316.9,44013900
2015-02-26T00:00:00Z,236.43,46684376316.9,13619400
2015-02-25T00:00:00Z,237.47,46684376316.9,11496200
2015-02-24T00:00:00Z,238.74,46684376316.9,14200400
2015-02-23T00:00:00Z,238.89,46684376316.9,164e5
2015-02-22T00:00:00Z,235.98,44455415962.3,19527e3
2015-02-21T00:00:00Z,244.53,44455415962.3,12284200
2015-02-20T00:00:00Z,243.78,44455415962.3,23876700
2015-02-19T00:00:00Z,240.28,44455415962.3,18270500
2015-02-18T00:00:00Z,236.33,44455415962.3,25200800
2015-02-17T00:00:00Z,243.61,44455415962.3,27363100
2015-02-16T00:00:00Z,233.84,44455415962.3,28153700
2015-02-15T00:00:00Z,234.82,44455415962.3,56552400
2015-02-14T00:00:00Z,257.32,44455415962.3,49732500
2015-02-13T00:00:00Z,235.43,44455415962.3,42744400
2015-02-12T00:00:00Z,221.76,44455415962.3,15206200
2015-02-11T00:00:00Z,219.19,44455415962.3,17201900
2015-02-10T00:00:00Z,219.84,44455415962.3,21115100
2015-02-09T00:00:00Z,220.11,44455415962.3,27791300
2015-02-08T00:00:00Z,223.41,41272873894.7,17145200
2015-02-07T00:00:00Z,227.75,41272873894.7,21604200
2015-02-06T00:00:00Z,222.27,41272873894.7,24435300
2015-02-05T00:00:00Z,217.11,41272873894.7,22516400
2015-02-04T00:00:00Z,226.85,41272873894.7,26594300
2015-02-03T00:00:00Z,227.27,41272873894.7,40783700
2015-02-02T00:00:00Z,238.23,41272873894.7,30612100
2015-02-01T00:00:00Z,226.97,41272873894.7,29128500
2015-01-31T00:00:00Z,217.46,41272873894.7,23348200
2015-01-30T00:00:00Z,226.43,41272873894.7,26605200
2015-01-29T00:00:00Z,233.51,41272873894.7,32213400
2015-01-28T00:00:00Z,233.91,41272873894.7,44352200
2015-01-27T00:00:00Z,263.48,43971662056.1,44399e3
2015-01-26T00:00:00Z,273.47,43971662056.1,106794e3
2015-01-25T00:00:00Z,253.72,43971662056.1,33582700
2015-01-24T00:00:00Z,247.85,43971662056.1,24782500
2015-01-23T00:00:00Z,232.88,43971662056.1,24621700
2015-01-22T00:00:00Z,233.41,43971662056.1,33544600
2015-01-21T00:00:00Z,226.9,43971662056.1,29924600
2015-01-20T00:00:00Z,211.31,43971662056.1,24051100
2015-01-19T00:00:00Z,214.86,43971662056.1,18658300
2015-01-18T00:00:00Z,210.34,43971662056.1,30085100
2015-01-17T00:00:00Z,199.26,43971662056.1,23469700
2015-01-16T00:00:00Z,208.1,43971662056.1,38421e3
2015-01-15T00:00:00Z,209.84,43971662056.1,81773500
2015-01-14T00:00:00Z,178.1,43971662056.1,97638700
2015-01-13T00:00:00Z,225.86,43971662056.1,72843900
2015-01-12T00:00:00Z,267.8,43971662056.1,18880300
2015-01-11T00:00:00Z,265.66,40640955016.6,18200800
2015-01-10T00:00:00Z,274.8,40640955016.6,15264300
2015-01-09T00:00:00Z,290.41,40640955016.6,18718600
2015-01-08T00:00:00Z,283.35,40640955016.6,19982500
2015-01-07T00:00:00Z,294.34,40640955016.6,24866800
2015-01-06T00:00:00Z,286.19,40640955016.6,23245700
2015-01-05T00:00:00Z,274.47,40640955016.6,43962800
2015-01-04T00:00:00Z,264.19,40640955016.6,55629100
2015-01-03T00:00:00Z,281.08,40640955016.6,33054400
2015-01-02T00:00:00Z,315.03,40640955016.6,7860650
2015-01-01T00:00:00Z,314.25,40640955016.6,8036550
2014-12-31T00:00:00Z,320.19,40640955016.6,13942900
2014-12-30T00:00:00Z,310.74,39457671307.1,12528300
2014-12-29T00:00:00Z,312.67,39457671307.1,12302500
2014-12-28T00:00:00Z,317.24,39457671307.1,11676600
2014-12-27T00:00:00Z,315.86,39457671307.1,15185200
2014-12-26T00:00:00Z,327.92,39457671307.1,16410500
2014-12-25T00:00:00Z,319.01,39457671307.1,9883640
2014-12-24T00:00:00Z,322.53,39457671307.1,15092300
2014-12-23T00:00:00Z,334.57,39457671307.1,16574200
2014-12-22T00:00:00Z,331.89,39457671307.1,22315100
2014-12-21T00:00:00Z,320.84,39457671307.1,15207600
2014-12-20T00:00:00Z,329.96,39457671307.1,20856700
2014-12-19T00:00:00Z,317.84,39457671307.1,23823100
2014-12-18T00:00:00Z,311.4,39457671307.1,39173e3
2014-12-17T00:00:00Z,319.78,40007470271.3,37567900
2014-12-16T00:00:00Z,327.06,40007470271.3,30864900
2014-12-15T00:00:00Z,345.35,40007470271.3,17264200
2014-12-14T00:00:00Z,351.63,40007470271.3,12415200
2014-12-13T00:00:00Z,347.38,40007470271.3,11675900
2014-12-12T00:00:00Z,352.54,40007470271.3,16989800
2014-12-11T00:00:00Z,350.51,40007470271.3,32431300
2014-12-10T00:00:00Z,346.37,40007470271.3,16427700
2014-12-09T00:00:00Z,352.22,40007470271.3,32915500
2014-12-08T00:00:00Z,361.91,40007470271.3,18898700
2014-12-07T00:00:00Z,375.1,40007470271.3,6491650
2014-12-06T00:00:00Z,374.79,40007470271.3,7009320
2014-12-05T00:00:00Z,376.85,40007470271.3,15181800
2014-12-04T00:00:00Z,369.6,40007470271.3,14529600
2014-12-03T00:00:00Z,375.01,40300030327.9,13340100
2014-12-02T00:00:00Z,381.31,40300030327.9,12364100
2014-12-01T00:00:00Z,379.25,40300030327.9,11763e3
2014-11-30T00:00:00Z,378.05,40300030327.9,9194440
2014-11-29T00:00:00Z,375.49,40300030327.9,15375600
2014-11-28T00:00:00Z,376.45,40300030327.9,22946500
2014-11-27T00:00:00Z,369.67,40300030327.9,8748030
2014-11-26T00:00:00Z,368.37,40300030327.9,18601700
2014-11-25T00:00:00Z,375.35,40300030327.9,25442200
2014-11-24T00:00:00Z,376.9,40300030327.9,30930100
2014-11-23T00:00:00Z,367.57,40300030327.9,15151600
2014-11-22T00:00:00Z,352.92,40300030327.9,15273e3
2014-11-21T00:00:00Z,350.85,40300030327.9,29850100
2014-11-20T00:00:00Z,357.84,40300030327.9,25233200
2014-11-19T00:00:00Z,380.56,40300030327.9,18931800
2014-11-18T00:00:00Z,375.2,39603666252.4,32222500
2014-11-17T00:00:00Z,387.41,39603666252.4,41518800
2014-11-16T00:00:00Z,387.88,39603666252.4,11905600
2014-11-15T00:00:00Z,376.13,39603666252.4,15727500
2014-11-14T00:00:00Z,397.82,39603666252.4,29589200
2014-11-13T00:00:00Z,420.74,39603666252.4,58945e3
2014-11-12T00:00:00Z,423.56,39603666252.4,45783200
2014-11-11T00:00:00Z,367.69,39603666252.4,15838900
2014-11-10T00:00:00Z,366.92,39603666252.4,30450100
2014-11-09T00:00:00Z,363.26,39603666252.4,24205600
2014-11-08T00:00:00Z,345.49,39603666252.4,8535470
2014-11-07T00:00:00Z,342.42,39603666252.4,16834200
2014-11-06T00:00:00Z,349.29,39603666252.4,18797e3
2014-11-05T00:00:00Z,339.49,39603666252.4,19817200
2014-11-04T00:00:00Z,330.49,35985640265.1,15655500
2014-11-03T00:00:00Z,327.55,35985640265.1,12948500
2014-11-02T00:00:00Z,325.89,35985640265.1,8603620
2014-11-01T00:00:00Z,325.75,35985640265.1,16677200
2014-10-31T00:00:00Z,338.32,35985640265.1,12545400
2014-10-30T00:00:00Z,345.31,35985640265.1,30177900
2014-10-29T00:00:00Z,335.59,35985640265.1,18192700
2014-10-28T00:00:00Z,357.62,35985640265.1,7845880
2014-10-27T00:00:00Z,352.99,35985640265.1,13033e3
2014-10-26T00:00:00Z,354.7,35985640265.1,11272500
2014-10-25T00:00:00Z,347.27,35985640265.1,18127500
2014-10-24T00:00:00Z,358.35,35985640265.1,15585700
2014-10-23T00:00:00Z,358.42,35985640265.1,26456900
2014-10-22T00:00:00Z,383.16,35002482026.1,11641300
2014-10-21T00:00:00Z,386.48,35002482026.1,14188900
2014-10-20T00:00:00Z,382.85,35002482026.1,16419e3
2014-10-19T00:00:00Z,389.55,35002482026.1,5914570
2014-10-18T00:00:00Z,391.44,35002482026.1,11416800
2014-10-17T00:00:00Z,383.76,35002482026.1,13600700
2014-10-16T00:00:00Z,382.56,35002482026.1,2699e4
2014-10-15T00:00:00Z,394.77,35002482026.1,25267100
2014-10-14T00:00:00Z,400.87,35002482026.1,38491500
2014-10-13T00:00:00Z,390.41,35002482026.1,35221400
2014-10-12T00:00:00Z,378.55,35002482026.1,17552800
2014-10-11T00:00:00Z,362.3,35002482026.1,13345200
2014-10-10T00:00:00Z,361.56,35002482026.1,43665700
2014-10-09T00:00:00Z,365.03,35002482026.1,83641100
2014-10-08T00:00:00Z,352.94,34661425924,54736300
2014-10-07T00:00:00Z,336.19,34661425924,49199900
2014-10-06T00:00:00Z,330.08,34661425924,79011800
2014-10-05T00:00:00Z,320.51,34661425924,83308100
2014-10-04T00:00:00Z,328.87,34661425924,47236500
2014-10-03T00:00:00Z,359.51,34661425924,30901200
2014-10-02T00:00:00Z,375.07,34661425924,21777700
2014-10-01T00:00:00Z,383.62,34661425924,26229400
2014-09-30T00:00:00Z,386.94,34661425924,34707300
2014-09-29T00:00:00Z,375.47,34661425924,32497700
2014-09-28T00:00:00Z,377.18,34661425924,23613300
2014-09-27T00:00:00Z,399.52,34661425924,15029300
2014-09-26T00:00:00Z,404.43,34661425924,21460800
2014-09-25T00:00:00Z,411.57,29829733124,26814400
2014-09-24T00:00:00Z,423.2,29829733124,30627700
2014-09-23T00:00:00Z,435.79,29829733124,45099500
2014-09-22T00:00:00Z,402.15,29829733124,24127600
2014-09-21T00:00:00Z,398.82,29829733124,26580100
2014-09-20T00:00:00Z,408.9,29829733124,36863600
2014-09-19T00:00:00Z,394.8,29829733124,37919700
2014-09-18T00:00:00Z,424.44,29829733124,34483200
2014-09-17T00:00:00Z,457.33,29829733124,21056800
2014-09-16T00:00:00Z,466.06,29829733124,16797300
2014-09-15T00:00:00Z,475.37,29829733124,15345200
2014-09-14T00:00:00Z,477.89,29829733124,13105500
2014-09-13T00:00:00Z,479,27428630902.3,15588e3
2014-09-12T00:00:00Z,477.75,27428630902.3,15437200
2014-09-11T00:00:00Z,479.75,27428630902.3,16852900
2014-09-10T00:00:00Z,479.36,27428630902.3,22787800
2014-09-09T00:00:00Z,475.26,27428630902.3,21447800
2014-09-08T00:00:00Z,474.6,27428630902.3,30238e3
2014-09-07T00:00:00Z,482.28,27428630902.3,8994050
2014-09-06T00:00:00Z,484.83,27428630902.3,10601400
2014-09-05T00:00:00Z,483.34,27428630902.3,15302500
2014-09-04T00:00:00Z,489.66,27428630902.3,26081400
2014-09-03T00:00:00Z,477.59,27428630902.3,13342200
2014-09-02T00:00:00Z,477.43,27428630902.3,23337900
2014-09-01T00:00:00Z,474.88,27428630902.3,20432e3
2014-08-31T00:00:00Z,477.76,23844670038.8,44632300
2014-08-30T00:00:00Z,504.25,23844670038.8,9424070
2014-08-29T00:00:00Z,508.52,23844670038.8,17624800
2014-08-28T00:00:00Z,507.81,23844670038.8,19862e3
2014-08-27T00:00:00Z,511.15,23844670038.8,22648500
2014-08-26T00:00:00Z,511.57,23844670038.8,23235100
2014-08-25T00:00:00Z,502.5,23844670038.8,18356700
2014-08-24T00:00:00Z,508.29,23844670038.8,19441700
2014-08-23T00:00:00Z,498.07,23844670038.8,25171900
2014-08-22T00:00:00Z,514.04,23844670038.8,36563900
2014-08-21T00:00:00Z,517.24,23844670038.8,49444200
2014-08-20T00:00:00Z,511.98,23844670038.8,46527600
2014-08-19T00:00:00Z,485.25,19729645940.6,38422400
2014-08-18T00:00:00Z,461.46,19729645940.6,50783800
2014-08-17T00:00:00Z,491.8,19729645940.6,24300900
2014-08-16T00:00:00Z,519.71,19729645940.6,22832500
2014-08-15T00:00:00Z,497.01,19729645940.6,25598300
2014-08-14T00:00:00Z,505.97,19729645940.6,35803900
2014-08-13T00:00:00Z,546.66,19729645940.6,25777500
2014-08-12T00:00:00Z,569.64,19729645940.6,13978200
2014-08-11T00:00:00Z,576.37,19729645940.6,14764200
2014-08-10T00:00:00Z,591.06,19729645940.6,7555310
2014-08-09T00:00:00Z,589.37,19729645940.6,7922070
2014-08-08T00:00:00Z,592.58,19729645940.6,11072e3
2014-08-07T00:00:00Z,588.87,18736441558.3,11131400
2014-08-06T00:00:00Z,584.65,18736441558.3,14497900
2014-08-05T00:00:00Z,585.44,18736441558.3,10790800
2014-08-04T00:00:00Z,588.78,18736441558.3,9867570
2014-08-03T00:00:00Z,586.67,18736441558.3,9917990
2014-08-02T00:00:00Z,589.33,18736441558.3,8359080
2014-08-01T00:00:00Z,594.92,18736441558.3,18215900
2014-07-31T00:00:00Z,586.24,18736441558.3,22467900
2014-07-30T00:00:00Z,567.29,18736441558.3,14898800
2014-07-29T00:00:00Z,584.73,18736441558.3,11275400
2014-07-28T00:00:00Z,585.69,18736441558.3,19316400
2014-07-27T00:00:00Z,593.85,18736441558.3,7774230
2014-07-26T00:00:00Z,595.81,18736441558.3,10752900
2014-07-25T00:00:00Z,601.09,17336316978.5,12279500
2014-07-24T00:00:00Z,601.73,17336316978.5,20917200
2014-07-23T00:00:00Z,619.41,17336316978.5,11056600
2014-07-22T00:00:00Z,621.55,17336316978.5,9602880
2014-07-21T00:00:00Z,622.21,17336316978.5,10711900
2014-07-20T00:00:00Z,623.9,17336316978.5,5760120
2014-07-19T00:00:00Z,628.51,17336316978.5,7222030
2014-07-18T00:00:00Z,628.78,17336316978.5,14158100
2014-07-17T00:00:00Z,623.09,17336316978.5,16576700
2014-07-16T00:00:00Z,616.8,17336316978.5,13182400
2014-07-15T00:00:00Z,621.59,17336316978.5,10873200
2014-07-14T00:00:00Z,619.32,17336316978.5,12706800
2014-07-13T00:00:00Z,626.5,17336316978.5,11291e3
2014-07-12T00:00:00Z,633.71,16818461371.2,13329e3
2014-07-11T00:00:00Z,632,16818461371.2,16467100
2014-07-10T00:00:00Z,616.76,16818461371.2,15880700
2014-07-09T00:00:00Z,624.51,16818461371.2,9819150
2014-07-08T00:00:00Z,624.82,16818461371.2,10005500
2014-07-07T00:00:00Z,624.09,16818461371.2,17813600
2014-07-06T00:00:00Z,635.81,16818461371.2,1008e4
2014-07-05T00:00:00Z,631.46,16818461371.2,9105940
2014-07-04T00:00:00Z,630.69,16818461371.2,22237200
2014-07-03T00:00:00Z,645.16,16818461371.2,18949e3
2014-07-02T00:00:00Z,650.88,16818461371.2,25768200
2014-07-01T00:00:00Z,640.81,16818461371.2,38446300
2014-06-30T00:00:00Z,639.8,16818461371.2,46422400
2014-06-29T00:00:00Z,602.72,16818461371.2,8897470
2014-06-28T00:00:00Z,596.55,13462580114.5,13398100
2014-06-27T00:00:00Z,597.26,13462580114.5,20814600
2014-06-26T00:00:00Z,581.14,13462580114.5,14655900
2014-06-25T00:00:00Z,566.34,13462580114.5,20687700
2014-06-24T00:00:00Z,582.36,13462580114.5,14144900
2014-06-23T00:00:00Z,593.98,13462580114.5,14053800
2014-06-22T00:00:00Z,602.27,13462580114.5,10877700
2014-06-21T00:00:00Z,594.99,13462580114.5,9256290
2014-06-20T00:00:00Z,594.15,13462580114.5,18134100
2014-06-19T00:00:00Z,598.07,13462580114.5,12803800
2014-06-18T00:00:00Z,607.96,13462580114.5,17862e3
2014-06-17T00:00:00Z,610.86,11756551916.9,18597300
2014-06-16T00:00:00Z,592.19,11756551916.9,28677500
2014-06-15T00:00:00Z,592.94,11756551916.9,23580900
2014-06-14T00:00:00Z,577.36,11756551916.9,38481200
2014-06-13T00:00:00Z,600.16,11756551916.9,35700700
2014-06-12T00:00:00Z,586.95,11756551916.9,50818800
2014-06-11T00:00:00Z,633.02,11756551916.9,25163800
2014-06-10T00:00:00Z,653.15,11756551916.9,17913400
2014-06-09T00:00:00Z,649.16,11756551916.9,19065400
2014-06-08T00:00:00Z,656.14,11756551916.9,8614190
2014-06-07T00:00:00Z,654.97,11756551916.9,15855300
2014-06-06T00:00:00Z,653.7,11756551916.9,18680100
2014-06-05T00:00:00Z,659.26,10455720138.5,29621300
2014-06-04T00:00:00Z,641.61,10455720138.5,37731500
2014-06-03T00:00:00Z,667.61,10455720138.5,40653700
2014-06-02T00:00:00Z,660.62,10455720138.5,45450200
2014-06-01T00:00:00Z,630.23,10455720138.5,45259100
2014-05-31T00:00:00Z,623.68,10455720138.5,15107100
2014-05-30T00:00:00Z,615.33,10455720138.5,31985400
2014-05-29T00:00:00Z,568.18,10455720138.5,18707800
2014-05-28T00:00:00Z,577.06,10455720138.5,19289e3
2014-05-27T00:00:00Z,571.24,10455720138.5,38032e3
2014-05-26T00:00:00Z,583.42,10455720138.5,29959800
2014-05-25T00:00:00Z,571.59,10455720138.5,47010300
2014-05-24T00:00:00Z,525.14,10455720138.5,11499300
2014-05-23T00:00:00Z,520.22,8853416309.13,34934700
2014-05-22T00:00:00Z,524.58,8853416309.13,33086500
2014-05-21T00:00:00Z,491.77,8853416309.13,14626e3
2014-05-20T00:00:00Z,485.72,8853416309.13,40327500
2014-05-19T00:00:00Z,446.18,8853416309.13,6242620
2014-05-18T00:00:00Z,446.26,8853416309.13,2857830
2014-05-17T00:00:00Z,448.9,8853416309.13,2945790
2014-05-16T00:00:00Z,448.06,8853416309.13,6475100
2014-05-15T00:00:00Z,447.25,8853416309.13,7362980
2014-05-14T00:00:00Z,443.97,8853416309.13,9472960
2014-05-13T00:00:00Z,440.67,8853416309.13,7682670
2014-05-12T00:00:00Z,441.46,8853416309.13,7383770
2014-05-11T00:00:00Z,438.89,8000872135.97,12251700
2014-05-10T00:00:00Z,454.43,8000872135.97,6682600
2014-05-09T00:00:00Z,449.46,8000872135.97,10347900
2014-05-08T00:00:00Z,440.17,8000872135.97,9446580
2014-05-07T00:00:00Z,438.82,8000872135.97,18332200
2014-05-06T00:00:00Z,428.96,8000872135.97,12507300
2014-05-05T00:00:00Z,433.48,8000872135.97,10004800
2014-05-04T00:00:00Z,436.4,8000872135.97,5621260
2014-05-03T00:00:00Z,437.76,8000872135.97,9849640
2014-05-02T00:00:00Z,449.38,8000872135.97,10394200
2014-05-01T00:00:00Z,457.76,8000872135.97,12871800
2014-04-30T00:00:00Z,447.64,8000872135.97,15244900
2014-04-29T00:00:00Z,447.21,6978842649.59,16401400
2014-04-28T00:00:00Z,440.29,6978842649.59,23876600
2014-04-27T00:00:00Z,436.39,6978842649.59,10949500
2014-04-26T00:00:00Z,458.6,6978842649.59,12214600
2014-04-25T00:00:00Z,461.45,6978842649.59,46856500
2014-04-24T00:00:00Z,500.46,6978842649.59,13009400
2014-04-23T00:00:00Z,491.3,6978842649.59,9814530
2014-04-22T00:00:00Z,487.92,6978842649.59,11670900
2014-04-21T00:00:00Z,495.77,6978842649.59,15171400
2014-04-20T00:00:00Z,498.17,6978842649.59,12103100
2014-04-19T00:00:00Z,501.56,6978842649.59,19588200
2014-04-18T00:00:00Z,479.64,6978842649.59,19042400
2014-04-17T00:00:00Z,495.96,6978842649.59,34025500
2014-04-16T00:00:00Z,527.39,6119726089.13,56480100
2014-04-15T00:00:00Z,515.59,6119726089.13,49561e3
2014-04-14T00:00:00Z,458.79,6119726089.13,50730200
2014-04-13T00:00:00Z,414.06,6119726089.13,22493500
2014-04-12T00:00:00Z,421.12,6119726089.13,19226500
2014-04-11T00:00:00Z,420.95,6119726089.13,62562800
2014-04-10T00:00:00Z,365.18,6119726089.13,55868300
2014-04-09T00:00:00Z,442.73,6119726089.13,13204400
2014-04-08T00:00:00Z,453.09,6119726089.13,10921600
2014-04-07T00:00:00Z,449.42,6119726089.13,15616600
2014-04-06T00:00:00Z,460.5,6119726089.13,10241400
2014-04-05T00:00:00Z,461.91,6119726089.13,13404500
2014-04-04T00:00:00Z,447.53,5006860589.21,22925500
2014-04-03T00:00:00Z,444.72,5006860589.21,40765500
2014-04-02T00:00:00Z,437.14,5006860589.21,49647600
2014-04-01T00:00:00Z,478.38,5006860589.21,35685800
2014-03-31T00:00:00Z,457,5006860589.21,28254e3
2014-03-30T00:00:00Z,460.27,5006860589.21,42958300
2014-03-29T00:00:00Z,491.17,5006860589.21,11147100
2014-03-28T00:00:00Z,495.67,5006860589.21,58828300
2014-03-27T00:00:00Z,471.24,5006860589.21,62225400
2014-03-26T00:00:00Z,580.83,5006860589.21,16401100
2014-03-25T00:00:00Z,583.92,5006860589.21,14020100
2014-03-24T00:00:00Z,583.41,4250217919.87,22706900
2014-03-23T00:00:00Z,561.27,4250217919.87,9288400
2014-03-22T00:00:00Z,565.04,4250217919.87,17360700
2014-03-21T00:00:00Z,571.49,4250217919.87,38414100
2014-03-20T00:00:00Z,588.77,4250217919.87,20572900
2014-03-19T00:00:00Z,609.89,4250217919.87,14228900
2014-03-18T00:00:00Z,614.83,4250217919.87,24011500
2014-03-17T00:00:00Z,622.37,4250217919.87,14648200
2014-03-16T00:00:00Z,631.11,4250217919.87,5277290
2014-03-15T00:00:00Z,636.12,4250217919.87,4342080
2014-03-14T00:00:00Z,628.8,4250217919.87,11913800
2014-03-13T00:00:00Z,638.14,4250217919.87,11634900
2014-03-12T00:00:00Z,632.1,3815723798.81,18621200
2014-03-11T00:00:00Z,634.11,3815723798.81,11732500
2014-03-10T00:00:00Z,627.79,3815723798.81,20639800
2014-03-09T00:00:00Z,636.96,3815723798.81,15396500
2014-03-08T00:00:00Z,617.45,3815723798.81,18654200
2014-03-07T00:00:00Z,629.15,3815723798.81,34150800
2014-03-06T00:00:00Z,663.86,3815723798.81,16068100
2014-03-05T00:00:00Z,665.51,3815723798.81,22461900
2014-03-04T00:00:00Z,666.78,3815723798.81,55344600
2014-03-03T00:00:00Z,667.76,3815723798.81,96056900
2014-03-02T00:00:00Z,559.79,3815723798.81,7950760
2014-03-01T00:00:00Z,565.61,3815723798.81,18668100
2014-02-28T00:00:00Z,549.26,3815723798.81,28076100
2014-02-27T00:00:00Z,578.77,3129573174.52,25540800
2014-02-26T00:00:00Z,582.69,3129573174.52,64642700
2014-02-25T00:00:00Z,538.71,3129573174.52,126314e3
2014-02-24T00:00:00Z,546.32,3129573174.52,57893900
2014-02-23T00:00:00Z,605.82,3129573174.52,31434400
2014-02-22T00:00:00Z,605.42,3129573174.52,31254e3
2014-02-21T00:00:00Z,574.16,3129573174.52,47308100
2014-02-20T00:00:00Z,556.14,3129573174.52,46905e3
2014-02-19T00:00:00Z,623.03,3129573174.52,13897800
2014-02-18T00:00:00Z,626.6,3129573174.52,20015100
2014-02-17T00:00:00Z,626.27,3129573174.52,31948400
2014-02-16T00:00:00Z,616.63,2621404453.06,40061700
2014-02-15T00:00:00Z,650.92,2621404453.06,26709200
2014-02-14T00:00:00Z,661.99,2621404453.06,102506e3
2014-02-13T00:00:00Z,605.24,2621404453.06,38588100
2014-02-12T00:00:00Z,651.72,2621404453.06,25367600
2014-02-11T00:00:00Z,672.17,2621404453.06,72745200
2014-02-10T00:00:00Z,681.03,2621404453.06,112758e3
2014-02-09T00:00:00Z,682.9,2621404453.06,39311400
2014-02-08T00:00:00Z,673.92,2621404453.06,38742600
2014-02-07T00:00:00Z,712.4,2621404453.06,113643e3
2014-02-06T00:00:00Z,781.55,2621404453.06,50108700
2014-02-05T00:00:00Z,811.91,2621404453.06,22395100
2014-02-04T00:00:00Z,827.96,2193847870.17,16609700
2014-02-03T00:00:00Z,823.83,2193847870.17,13940100
2014-02-02T00:00:00Z,825.37,2193847870.17,11300900
2014-02-01T00:00:00Z,832.58,2193847870.17,19668700
2014-01-31T00:00:00Z,829.92,2193847870.17,17107900
2014-01-30T00:00:00Z,819.03,2193847870.17,29918200
2014-01-29T00:00:00Z,826,2193847870.17,17984400
2014-01-28T00:00:00Z,812.51,2193847870.17,44875500
2014-01-27T00:00:00Z,771.39,2193847870.17,49233600
2014-01-26T00:00:00Z,885.28,2193847870.17,32224300
2014-01-25T00:00:00Z,853.61,2193847870.17,24303900
2014-01-24T00:00:00Z,797.07,2193847870.17,34912e3
2014-01-23T00:00:00Z,822.04,1789546951.05,15607100
2014-01-22T00:00:00Z,845.59,1789546951.05,18453700
2014-01-21T00:00:00Z,863.91,1789546951.05,18997300
2014-01-20T00:00:00Z,870.2,1789546951.05,27652700
2014-01-19T00:00:00Z,870.96,1789546951.05,24365700
2014-01-18T00:00:00Z,840,1789546951.05,18052700
2014-01-17T00:00:00Z,814.64,1789546951.05,39031700
2014-01-16T00:00:00Z,835.63,1789546951.05,19149300
2014-01-15T00:00:00Z,860.9,1789546951.05,28107200
2014-01-14T00:00:00Z,833.27,1789546951.05,20829800
2014-01-13T00:00:00Z,841.2,1789546951.05,45580900
2014-01-12T00:00:00Z,863.22,1418481395.26,39623500
2014-01-11T00:00:00Z,913.95,1418481395.26,44754200
2014-01-10T00:00:00Z,868.48,1418481395.26,31876800
2014-01-09T00:00:00Z,846.86,1418481395.26,59998600
2014-01-08T00:00:00Z,842.72,1418481395.26,74175600
2014-01-07T00:00:00Z,802,1418481395.26,81311700
2014-01-06T00:00:00Z,953.29,1418481395.26,85565700
2014-01-05T00:00:00Z,933.53,1418481395.26,72898500
2014-01-04T00:00:00Z,859.51,1418481395.26,38005e3
2014-01-03T00:00:00Z,818.72,1418481395.26,37810100
2014-01-02T00:00:00Z,802.39,1418481395.26,38489500
2014-01-01T00:00:00Z,771.4,1180923195.26,22489400
2013-12-31T00:00:00Z,754.01,1180923195.26,20897300
2013-12-30T00:00:00Z,756.13,1180923195.26,20707700
2013-12-29T00:00:00Z,745.05,1180923195.26,19011300
2013-12-28T00:00:00Z,727.83,1180923195.26,32505800
2013-12-27T00:00:00Z,735.07,1180923195.26,46862700
2013-12-26T00:00:00Z,761.98,1180923195.26,NA
2013-12-25T00:00:00Z,682.21,1180923195.26,NA
2013-12-24T00:00:00Z,665.58,1180923195.26,NA
2013-12-23T00:00:00Z,673.41,1180923195.26,NA
2013-12-22T00:00:00Z,617.18,1180923195.26,NA
2013-12-21T00:00:00Z,605.66,1180923195.26,NA
2013-12-20T00:00:00Z,625.32,908350862.437,NA
2013-12-19T00:00:00Z,691.96,908350862.437,NA
2013-12-18T00:00:00Z,522.7,908350862.437,NA
2013-12-17T00:00:00Z,682.12,908350862.437,NA
2013-12-16T00:00:00Z,705.97,908350862.437,NA
2013-12-15T00:00:00Z,876.12,908350862.437,NA
2013-12-14T00:00:00Z,872.6,908350862.437,NA
2013-12-13T00:00:00Z,892.58,908350862.437,NA
2013-12-12T00:00:00Z,873.26,908350862.437,NA
2013-12-11T00:00:00Z,878.48,908350862.437,NA
2013-12-10T00:00:00Z,988.51,908350862.437,NA
2013-12-09T00:00:00Z,893.19,707408283.051,NA
2013-12-08T00:00:00Z,795.87,707408283.051,NA
2013-12-07T00:00:00Z,698.23,707408283.051,NA
2013-12-06T00:00:00Z,829.45,707408283.051,NA
2013-12-05T00:00:00Z,1045.11,707408283.051,NA
2013-12-04T00:00:00Z,1151.17,707408283.051,NA
2013-12-03T00:00:00Z,1078.28,707408283.051,NA
2013-12-02T00:00:00Z,1043.33,707408283.051,NA
2013-12-01T00:00:00Z,955.85,707408283.051,NA
2013-11-30T00:00:00Z,1129.43,707408283.051,NA
2013-11-29T00:00:00Z,1131.97,707408283.051,NA
2013-11-28T00:00:00Z,1031.95,609482679.888,NA
2013-11-27T00:00:00Z,1001.96,609482679.888,NA
2013-11-26T00:00:00Z,928.1,609482679.888,NA
2013-11-25T00:00:00Z,799.11,609482679.888,NA
2013-11-24T00:00:00Z,774.25,609482679.888,NA
2013-11-23T00:00:00Z,797.82,609482679.888,NA
2013-11-22T00:00:00Z,771.44,609482679.888,NA
2013-11-21T00:00:00Z,722.43,609482679.888,NA
2013-11-20T00:00:00Z,590.83,609482679.888,NA
2013-11-19T00:00:00Z,584.61,609482679.888,NA
2013-11-18T00:00:00Z,703.56,609482679.888,NA
2013-11-17T00:00:00Z,492.11,609482679.888,NA
2013-11-16T00:00:00Z,440.22,510929738.016,NA
2013-11-15T00:00:00Z,417.95,510929738.016,NA
2013-11-14T00:00:00Z,420.2,510929738.016,NA
2013-11-13T00:00:00Z,407.37,510929738.016,NA
2013-11-12T00:00:00Z,360.33,510929738.016,NA
2013-11-11T00:00:00Z,342.44,510929738.016,NA
2013-11-10T00:00:00Z,326.62,510929738.016,NA
2013-11-09T00:00:00Z,339.11,510929738.016,NA
2013-11-08T00:00:00Z,338.11,510929738.016,NA
2013-11-07T00:00:00Z,296.41,510929738.016,NA
2013-11-06T00:00:00Z,262.5,510929738.016,NA
2013-11-05T00:00:00Z,245.24,390928787.638,NA
2013-11-04T00:00:00Z,229.1,390928787.638,NA
2013-11-03T00:00:00Z,215.05,390928787.638,NA
2013-11-02T00:00:00Z,206.22,390928787.638,NA
2013-11-01T00:00:00Z,206.18,390928787.638,NA
2013-10-31T00:00:00Z,204,390928787.638,NA
2013-10-30T00:00:00Z,199.97,390928787.638,NA
2013-10-29T00:00:00Z,204.39,390928787.638,NA
2013-10-28T00:00:00Z,198.55,390928787.638,NA
2013-10-27T00:00:00Z,196.44,390928787.638,NA
2013-10-26T00:00:00Z,177.32,390928787.638,NA
2013-10-25T00:00:00Z,186.69,267731249.482,NA
2013-10-24T00:00:00Z,198.23,267731249.482,NA
2013-10-23T00:00:00Z,213.62,267731249.482,NA
2013-10-22T00:00:00Z,193.76,267731249.482,NA
2013-10-21T00:00:00Z,182.21,267731249.482,NA
2013-10-20T00:00:00Z,174.61,267731249.482,NA
2013-10-19T00:00:00Z,172.42,267731249.482,NA
2013-10-18T00:00:00Z,155.96,267731249.482,NA
2013-10-17T00:00:00Z,146.25,267731249.482,NA
2013-10-16T00:00:00Z,142.55,267731249.482,NA
2013-10-15T00:00:00Z,145.24,189281249.281,NA
2013-10-14T00:00:00Z,140.52,189281249.281,NA
2013-10-13T00:00:00Z,138.13,189281249.281,NA
2013-10-12T00:00:00Z,135.19,189281249.281,NA
2013-10-11T00:00:00Z,130.9,189281249.281,NA
2013-10-10T00:00:00Z,130.59,189281249.281,NA
2013-10-09T00:00:00Z,130.69,189281249.281,NA
2013-10-08T00:00:00Z,126,189281249.281,NA
2013-10-07T00:00:00Z,126.94,189281249.281,NA
2013-10-06T00:00:00Z,129,189281249.281,NA
2013-10-05T00:00:00Z,128.55,148819199.805,NA
2013-10-04T00:00:00Z,129.01,148819199.805,NA
2013-10-03T00:00:00Z,123.63,148819199.805,NA
2013-10-02T00:00:00Z,114.13,148819199.805,NA
2013-10-01T00:00:00Z,132.18,148819199.805,NA
2013-09-30T00:00:00Z,133,148819199.805,NA
2013-09-29T00:00:00Z,137.34,148819199.805,NA
2013-09-28T00:00:00Z,134.78,148819199.805,NA
2013-09-27T00:00:00Z,133.78,148819199.805,NA
2013-09-26T00:00:00Z,128.38,148819199.805,NA
2013-09-25T00:00:00Z,128.22,148819199.805,NA
2013-09-24T00:00:00Z,127.25,112628548.666,NA
2013-09-23T00:00:00Z,125.95,112628548.666,NA
2013-09-22T00:00:00Z,129.12,112628548.666,NA
2013-09-21T00:00:00Z,127.43,112628548.666,NA
2013-09-20T00:00:00Z,127.04,112628548.666,NA
2013-09-19T00:00:00Z,129.65,112628548.666,NA
2013-09-18T00:00:00Z,131.47,112628548.666,NA
2013-09-17T00:00:00Z,131.66,112628548.666,NA
2013-09-16T00:00:00Z,131.72,112628548.666,NA
2013-09-15T00:00:00Z,130.37,112628548.666,NA
2013-09-14T00:00:00Z,129.22,86933017.7712,NA
2013-09-13T00:00:00Z,134.98,86933017.7712,NA
2013-09-12T00:00:00Z,133.13,86933017.7712,NA
2013-09-11T00:00:00Z,135.25,86933017.7712,NA
2013-09-10T00:00:00Z,125.91,86933017.7712,NA
2013-09-09T00:00:00Z,127.11,86933017.7712,NA
2013-09-08T00:00:00Z,121.66,86933017.7712,NA
2013-09-07T00:00:00Z,124.15,86933017.7712,NA
2013-09-06T00:00:00Z,119.15,86933017.7712,NA
2013-09-05T00:00:00Z,126.43,86933017.7712,NA
2013-09-04T00:00:00Z,126.74,86933017.7712,NA
2013-09-03T00:00:00Z,136.77,65750060.1491,NA
2013-09-02T00:00:00Z,135.85,65750060.1491,NA
2013-09-01T00:00:00Z,138.34,65750060.1491,NA
2013-08-31T00:00:00Z,135.35,65750060.1491,NA
2013-08-30T00:00:00Z,133.49,65750060.1491,NA
2013-08-29T00:00:00Z,122.39,65750060.1491,NA
2013-08-28T00:00:00Z,122.62,65750060.1491,NA
2013-08-27T00:00:00Z,126.5,65750060.1491,NA
2013-08-26T00:00:00Z,120.06,65750060.1491,NA
2013-08-25T00:00:00Z,122.11,65750060.1491,NA
2013-08-24T00:00:00Z,120.05,65750060.1491,NA
2013-08-23T00:00:00Z,118.5,50810339.0483,NA
2013-08-22T00:00:00Z,121.15,50810339.0483,NA
2013-08-21T00:00:00Z,123.3,50810339.0483,NA
2013-08-20T00:00:00Z,121.2,50810339.0483,NA
2013-08-19T00:00:00Z,119,50810339.0483,NA
2013-08-18T00:00:00Z,113.5,50810339.0483,NA
2013-08-17T00:00:00Z,113.5,50810339.0483,NA
2013-08-16T00:00:00Z,108.99,50810339.0483,NA
2013-08-15T00:00:00Z,109.99,50810339.0483,NA
2013-08-14T00:00:00Z,112.56,50810339.0483,NA
2013-08-13T00:00:00Z,109,50810339.0483,NA
2013-08-12T00:00:00Z,106.64,37392766.1365,NA
2013-08-11T00:00:00Z,105,37392766.1365,NA
2013-08-10T00:00:00Z,103,37392766.1365,NA
2013-08-09T00:00:00Z,102.8,37392766.1365,NA
2013-08-08T00:00:00Z,103,37392766.1365,NA
2013-08-07T00:00:00Z,106.75,37392766.1365,NA
2013-08-06T00:00:00Z,106.75,37392766.1365,NA
2013-08-05T00:00:00Z,106.22,37392766.1365,NA
2013-08-04T00:00:00Z,105.14,37392766.1365,NA
2013-08-03T00:00:00Z,104,37392766.1365,NA
2013-08-02T00:00:00Z,104.5,31256960.7278,NA
2013-08-01T00:00:00Z,104,31256960.7278,NA
2013-07-31T00:00:00Z,106.09,31256960.7278,NA
2013-07-30T00:00:00Z,107.99,31256960.7278,NA
2013-07-29T00:00:00Z,101.2,31256960.7278,NA
2013-07-28T00:00:00Z,99.76,31256960.7278,NA
2013-07-27T00:00:00Z,94.12,31256960.7278,NA
2013-07-26T00:00:00Z,96.02,31256960.7278,NA
2013-07-25T00:00:00Z,96.9,31256960.7278,NA
2013-07-24T00:00:00Z,94.51,31256960.7278,NA
2013-07-23T00:00:00Z,95.56,31256960.7278,NA
2013-07-22T00:00:00Z,91.61,31256960.7278,NA
2013-07-21T00:00:00Z,90.76,26162875.6826,NA
2013-07-20T00:00:00Z,89.39,26162875.6826,NA
2013-07-19T00:00:00Z,92.17,26162875.6826,NA
2013-07-18T00:00:00Z,90.58,26162875.6826,NA
2013-07-17T00:00:00Z,98.5,26162875.6826,NA
2013-07-16T00:00:00Z,97.45,26162875.6826,NA
2013-07-15T00:00:00Z,98.4,26162875.6826,NA
2013-07-14T00:00:00Z,94.69,26162875.6826,NA
2013-07-13T00:00:00Z,98.13,26162875.6826,NA
2013-07-12T00:00:00Z,93.59,26162875.6826,NA
2013-07-11T00:00:00Z,88.98,26162875.6826,NA
2013-07-10T00:00:00Z,86.76,21335329.114,NA
2013-07-09T00:00:00Z,76.69,21335329.114,NA
2013-07-08T00:00:00Z,76.52,21335329.114,NA
2013-07-07T00:00:00Z,74.56,21335329.114,NA
2013-07-06T00:00:00Z,70.28,21335329.114,NA
2013-07-05T00:00:00Z,68.43,21335329.114,NA
2013-07-04T00:00:00Z,80.53,21335329.114,NA
2013-07-03T00:00:00Z,77.53,21335329.114,NA
2013-07-02T00:00:00Z,90.13,21335329.114,NA
2013-07-01T00:00:00Z,88.05,21335329.114,NA
2013-06-30T00:00:00Z,96.61,21335329.114,NA
2013-06-29T00:00:00Z,94.99,21335329.114,NA
2013-06-28T00:00:00Z,94.65,19339258.2724,NA
2013-06-27T00:00:00Z,101.44,19339258.2724,NA
2013-06-26T00:00:00Z,104,19339258.2724,NA
2013-06-25T00:00:00Z,103.95,19339258.2724,NA
2013-06-24T00:00:00Z,102.74,19339258.2724,NA
2013-06-23T00:00:00Z,107.6,19339258.2724,NA
2013-06-22T00:00:00Z,108.3,19339258.2724,NA
2013-06-21T00:00:00Z,109.5,19339258.2724,NA
2013-06-20T00:00:00Z,110.15,19339258.2724,NA
2013-06-19T00:00:00Z,108.25,19339258.2724,NA
2013-06-18T00:00:00Z,107.4,19339258.2724,NA
2013-06-17T00:00:00Z,101.7,19339258.2724,NA
2013-06-16T00:00:00Z,99.51,15605632.6813,NA
2013-06-15T00:00:00Z,99.99,15605632.6813,NA
2013-06-14T00:00:00Z,99.98,15605632.6813,NA
2013-06-13T00:00:00Z,104,15605632.6813,NA
2013-06-12T00:00:00Z,108.15,15605632.6813,NA
2013-06-11T00:00:00Z,108.9,15605632.6813,NA
2013-06-10T00:00:00Z,106.35,15605632.6813,NA
2013-06-09T00:00:00Z,100,15605632.6813,NA
2013-06-08T00:00:00Z,108.3,15605632.6813,NA
2013-06-07T00:00:00Z,111.5,15605632.6813,NA
2013-06-06T00:00:00Z,118,15605632.6813,NA
2013-06-05T00:00:00Z,121.65,15605632.6813,NA
2013-06-04T00:00:00Z,121.42,12153411.7098,NA
2013-06-03T00:00:00Z,122.22,12153411.7098,NA
2013-06-02T00:00:00Z,122.29,12153411.7098,NA
2013-06-01T00:00:00Z,129.3,12153411.7098,NA
2013-05-31T00:00:00Z,129,12153411.7098,NA
2013-05-30T00:00:00Z,128.8,12153411.7098,NA
2013-05-29T00:00:00Z,132.3,12153411.7098,NA
2013-05-28T00:00:00Z,129,12153411.7098,NA
2013-05-27T00:00:00Z,129.75,12153411.7098,NA
2013-05-26T00:00:00Z,133.48,12153411.7098,NA
2013-05-25T00:00:00Z,131.98,12153411.7098,NA
2013-05-24T00:00:00Z,133.2,11187257.4614,NA
2013-05-23T00:00:00Z,126.7,11187257.4614,NA
2013-05-22T00:00:00Z,123.89,11187257.4614,NA
2013-05-21T00:00:00Z,122.88,11187257.4614,NA
2013-05-20T00:00:00Z,122,11187257.4614,NA
2013-05-19T00:00:00Z,121.99,11187257.4614,NA
2013-05-18T00:00:00Z,123.5,11187257.4614,NA
2013-05-17T00:00:00Z,123.02,11187257.4614,NA
2013-05-16T00:00:00Z,118.76,11187257.4614,NA
2013-05-15T00:00:00Z,114.22,11187257.4614,NA
2013-05-14T00:00:00Z,111.5,11187257.4614,NA
2013-05-13T00:00:00Z,117.98,11187257.4614,NA
2013-05-12T00:00:00Z,115,10076292.8834,NA
2013-05-11T00:00:00Z,115.24,10076292.8834,NA
2013-05-10T00:00:00Z,117.2,10076292.8834,NA
2013-05-09T00:00:00Z,112.67,10076292.8834,NA
2013-05-08T00:00:00Z,113.57,10076292.8834,NA
2013-05-07T00:00:00Z,111.5,10076292.8834,NA
2013-05-06T00:00:00Z,112.3,10076292.8834,NA
2013-05-05T00:00:00Z,115.91,10076292.8834,NA
2013-05-04T00:00:00Z,112.5,10076292.8834,NA
2013-05-03T00:00:00Z,97.75,10076292.8834,NA
2013-05-02T00:00:00Z,105.21,10076292.8834,NA
2013-05-01T00:00:00Z,116.99,10076292.8834,NA
2013-04-30T00:00:00Z,139,10076292.8834,NA
2013-04-29T00:00:00Z,144.54,8974296.01489,NA
2013-04-28T00:00:00Z,134.21,8974296.01489,NA
